record_id,announcement_date,company,country,technology_type,qubit_count,gate_error_rate_pct,coherence_time_us,quantum_volume,funding_raised_million_usd,publications_count,patents_filed,sector_focus,is_commercially_available
460,2022-10-31,D-Wave,Canada,Quantum Annealing,19701,2.629,72.5,491.0,643.9,5,5,Finance,1
284,2025-05-31,IonQ,USA,Trapped Ion,176,0.355,93.6,54.0,591.0,8,2,AI/ML,1
173,2023-08-31,Google,USA,Superconducting,968,0.727,67.7,376.0,1643.9,7,2,Cryptography,1
47,2021-03-31,IBM,USA,Superconducting,247,1.121,67.2,104.0,1021.8,8,2,General Research,1
220,2019-10-31,IonQ,USA,Trapped Ion,12,1.62,20.0,5.0,271.4,1,0,Finance,0
654,2021-05-31,Xanadu,Canada,Photonic,16,3.676,,3.0,248.1,3,0,Drug Discovery,0
361,2023-09-30,Rigetti,USA,Superconducting,582,0.817,48.3,60.0,382.1,2,0,Drug Discovery,0
540,2023-08-31,Quantinuum,UK,Trapped Ion,46,0.882,34.0,18.0,1097.9,4,1,Logistics,1
498,2025-07-31,D-Wave,Canada,Quantum Annealing,73252,2.687,116.3,1057.0,681.5,5,5,Logistics,1
468,2023-04-30,D-Wave,Canada,Quantum Annealing,30080,2.431,76.1,761.0,718.3,5,1,Finance,1
51,2021-05-31,IBM,USA,Superconducting,272,1.061,75.8,117.0,860.0,4,1,Drug Discovery,1
87,2024-07-31,IBM,USA,Superconducting,2206,0.52,,1026.0,1246.9,6,3,General Research,1
954,2023-09-30,Intel,USA,Silicon Spin,23,1.99,31.3,4.0,632.0,4,1,Logistics,0
132,2019-11-30,Google,USA,Superconducting,83,,38.4,28.0,1213.1,5,2,AI/ML,1
793,2026-01-31, Origin Quantum,China,SUPERCONDUCTING,961,0.739,63.3,62.0,343.8,9,1,General Research,1
23,2019-06-30,IBM,USA,Superconducting,98,1.653,33.4,38.0,621.4,2,0,General Research,1
318,2020-04-30,Rigetti,USA,Superconducting,65,1.744,33.2,11.0,281.9,2,0,AI/ML,1
601,2023-05-31,PsiQuantum,USA,Photonic,28,2.884,26.3,4.0,961.7,0,2,Cryptography,0
270,2024-03-31,IonQ,USA,Trapped Ion,117,0.442,77.8,38.0,430.7,1,3,Cryptography,1
853,2026-04-30,Pasqal,France,Neutral Atom,531,0.981,40.0,27.0,303.2,3,1,Materials Science,0
192,2025-04-30,Google,USA,Superconducting,2477,0.481,107.2,1010.0,1632.2,7,5,Materials Science,1
631,2025-07-31,PsiQuantum,USA,Photonic,159,2.043,32.5,9.0,1285.0,1,2,Finance,0
367,2024-01-31,Rigetti,USA,Superconducting,738,0.714,67.3,73.0,412.7,3,1,Finance,1
178,2024-02-29,Google,USA,Superconducting,1239,0.716,96.7,468.0,1897.5,10,0,AI/ML,0
246,2021-10-31,IonQ,USA,Trapped Ion,34,0.837,40.0,13.0,320.8,1,3,Finance,0
557,2025-05-31,Quantinuum,uk  ,TRAPPED ION,78,0.502,55.2,30.0,1208.4,7,3,General Research,1
915,2026-03-31,QuEra,USA,Neutral Atom,373,1.019,37.9,24.0,306.0,2,1,General Research,1
349,2022-09-30,Rigetti,USA,Superconducting,323,0.998,55.5,38.0,319.5,0,3,Materials Science,1
344,2022-05-31,Rigetti,USA,Superconducting,255,1.204,38.9,30.0,336.8,3,1,Materials Science,1
110,2017-10-31,Google,USA,Superconducting,24,3.187,10.9,7.0,897.1,4,0,Drug Discovery,0
829,2023-12-31,Pasqal,France,Neutral Atom,92,1.717,33.1,9.0,257.3,1,2,Drug Discovery,0
607,2023-09-30,PsiQuantum,USA,Photonic,43,,29.6,4.0,1071.0,2,1,Cryptography,0
939,2022-08-31,Intel,USA,Silicon Spin,11,2.639,20.6,2.0,684.6,2,2,Finance,0
692,2024-03-31,Xanadu,Canada,Photonic,122,2.194,31.8,9.0,440.0,1,1,General Research,0
168,2023-05-31,Google,USA,Superconducting,720,0.729,76.3,291.0,1967.7,5,0,AI/ML,1
701,2024-11-30,Xanadu,Canada,Photonic,225,2.052,54.4,13.0,441.7,2,1,Materials Science,0
792,2025-11-30,Origin Quantum,China,Superconducting,792,0.793,66.2,54.0,376.5,5,1,General Research,0
870,2022-10-31, QuEra,USA,Neutral Atom,32,2.075,17.7,5.0,194.2,0,0,Drug Discovery,0
610,2023-10-31,PsiQuantum,USA,Photonic,43,2.51,31.2,5.0,968.3,1,1,Cryptography,0
862,2022-04-30,QuEra,USA,Neutral Atom,22,2.801,14.8,,198.6,1,1,General Research,0
810,2022-05-31,Pasqal,France,Neutral Atom,27,1.973,13.8,5.0,198.9,0,0,General Research,0
690,2024-01-31,Xanadu,Canada,Photonic,114,2.241,34.4,9.0,344.8,3,0,General Research,0
369,2024-02-29,Rigetti,USA,Superconducting,-642,0.741,55.9,66.0,497.8,1,2,Finance,1
296,2026-05-31, IonQ,USA,Trapped Ion,315,0.304,68.6,87.0,512.6,3,3,Logistics,1
847,2025-10-31,Pasqal,France,Neutral Atom,314,1.208,50.5,19.0,255.9,2,1,Drug Discovery,1
114,2018-02-28,Google,USA,Superconducting,30,2.736,17.0,10.0,761.8,1,1,Drug Discovery,0
649,2020-12-31, Xanadu,Canada,Photonic,11,3.642,14.9,2.0,219.6,2,1,Cryptography,0
818,2022-12-31,Pasqal,France,Neutral Atom,52,2.002,,6.0,172.6,0,0,Finance,0
226,2020-04-30,IonQ,USA,Trapped Ion,16,1.173,17.0,7.0,366.4,0,0,General Research,1
301,2018-04-30,Rigetti,USA,Superconducting,16,3.581,9.6,3.0,,2,0,Finance,0
908,2025-10-31,QuEra,USA,Neutral Atom,244,1.245,41.1,18.0,294.4,2,1,General Research,0
968,2025-03-31,Intel,USA,SILICON SPIN,51,1.61,36.5,5.0,867.5,3,1,AI/ML,0
153,2022-01-31,Google,USA,Superconducting,333,1.085,64.7,123.0,1336.7,3,3,Cryptography,0
675,2022-11-30,Xanadu,Canada,Photonic,49,2.675,25.1,6.0,329.2,1,1,Drug Discovery,0
4,2017-05-31,IBM,USA,Superconducting,23,2.889,,8.0,495.2,3,0,AI/ML,0
813,2022-07-31,Pasqal,France,Neutral Atom,36,2.116,18.9,5.0,171.7,2,0,Cryptography,0
553,2025-01-31,Quantinuum,UK,Trapped Ion,74,0.57,62.2,28.0,1277.0,5,0,,0
612,2024-01-31,PsiQuantum,USA,Photonic,44,2.61,23.5,5.0,1286.8,2,2,Logistics,0
101,2026-02-28,IBM,USA,Superconducting,6351,0.375,140.2,3001.0,1356.1,3,0,Materials Science,0
594,2022-11-30,PsiQuantum,USA,Photonic,20,3.026,18.6,3.0,973.6,1,2,Logistics,0
840,2025-01-31,Pasqal,France,Neutral Atom,195,1.25,36.0,15.0,265.8,4,1,Materials Science,1
49,2021-04-30,IBM,USA,Superconducting,314,1.06,65.4,132.0,867.1,6,5,General Research,1
837,2024-08-31,Pasqal,France,Neutral Atom,160,1.217,34.7,13.0,254.2,2,1,Materials Science,0
617,2024-06-30,PsiQuantum,USA,Photonic,61,2.347,29.7,6.0,1098.9,2,1,AI/ML,0
494,2025-02-28,D-Wave,Canada,Quantum Annealing,65050,2.247,82.2,1486.0,657.9,5,2,Logistics,0
879,2023-09-30,QuEra,USA,Neutral Atom,49,1.711,24.5,7.0,227.5,3,0,Finance,1
900,2025-03-31,QuEra,USA,NEUTRAL ATOM,144,1.267,42.7,14.0,268.0,3,2,Drug Discovery,1
58,2021-12-31,IBM,USA,Superconducting,470,1.075,73.8,184.0,1070.0,4,0,Finance,1
288,2025-08-31,IonQ,USA,Trapped Ion,215,0.321,78.5,64.0,609.2,5,3,Finance,1
276,2024-09-30,IonQ,USA,Trapped Ion,116,0.445,64.1,38.0,550.1,2,2,Cryptography,1
209,2026-04-30,Google,USA,SUPERCONDUCTING,5519,0.443,128.0,2117.0,2398.7,4,3,Drug Discovery,1
345,2022-05-31,Rigetti,USA,Superconducting,196,1.151,55.3,26.0,419.2,7,2,Materials Science,0
890,2024-06-30,QuEra,USA,Neutral Atom,90,1.655,25.8,10.0,291.4,3,1,Cryptography,0
327,2020-10-31,Rigetti,USA,Superconducting,94,1.904,28.1,13.0,345.7,2,2,Materials Science,1
835,2024-06-30,Pasqal,France,Neutral Atom,133,1.361,34.7,12.0,209.5,3,3,Cryptography,1
682,2023-07-31,Xanadu,Canada,Photonic,88,2.544,40.6,7.0,384.4,2,1,AI/ML,1
926,2021-03-31,Intel,USA,Silicon Spin,5,3.431,14.8,2.0,456.2,2,0,Drug Discovery,0
886,2024-04-30,QuEra,USA,Neutral Atom,85,1.559,26.3,9.0,264.3,1,0,Finance,0
137,2020-05-31,Google,USA,Superconducting,130,1.808,39.1,41.0,1224.1,3,0,AI/ML,0
936,2022-04-30,Intel,USA,Silicon Spin,9,2.666,24.9,2.0,558.6,1,1,Drug Discovery,0
736,2021-02-28,Origin Quantum,China,Superconducting,31,2.275,22.5,6.0,252.9,3,0,Materials Science,0
515,2021-01-31,Quantinuum,UK,Trapped Ion,11,1.786,16.3,5.0,751.4,1,1,Materials Science,1
563,2025-11-30,Quantinuum,UK,Trapped Ion,131,0.453,71.0,,1218.5,5,0,General Research,1
924,2021-02-28,Intel,USA,Silicon Spin,6,3.711,11.6,2.0,425.0,1,0,Materials Science,0
351,2022-10-31,Rigetti,USA,Superconducting,297,0.924,41.2,37.0,339.7,2,1,Materials Science,1
85,2024-04-30,IBM,USA,Superconducting,2072,0.654,82.7,880.0,1250.9,10,5,Logistics,1
155,2022-02-28,Google,USA,Superconducting,306,1.085,59.6,115.0,1667.9,1,0,Drug Discovery,1
584,2022-02-28,PsiQuantum,USA,Photonic,11,4.25,15.2,2.0,856.5,0,0,AI/ML,0
302,2018-07-31,Rigetti,USA,Superconducting,17,,12.9,4.0,251.9,2,0,Cryptography,0
704,2025-04-30,Xanadu,Canada,Photonic,348,1.954,44.8,17.0,512.3,2,0,Cryptography,1
64,2022-05-31,IBM,USA,Superconducting,620,0.806,71.2,275.0,1018.0,5,0,Materials Science,0
779,2024-11-30,Origin Quantum,China,Superconducting,414,0.914,57.7,35.0,414.7,3,1,Cryptography,0
225,2020-04-30,IonQ,USA,Trapped Ion,15,1.351,19.3,7.0,355.3,3,3,AI/ML,1
615,2024-05-31,PsiQuantum,USA,Photonic,57,2.744,37.3,5.0,1242.0,1,2,AI/ML,0
783,2025-05-31, Origin Quantum,China,Superconducting,560,0.724,71.4,45.0,365.4,5,2,AI/ML,1
705,2025-04-30,Xanadu,Canada,Photonic,269,1.9,52.1,15.0,395.6,1,3,Finance,1
309,2019-05-31,Rigetti,USA,Superconducting,35,2.797,17.3,6.0,268.3,3,1,Drug Discovery,0
983,2026-05-31,Intel,USA,Silicon Spin,101,1.36,44.5,7.0,1013.5,1,1,Drug Discovery,0
125,2019-03-31,Google,USA,Superconducting,47,2.051,28.3,17.0,1199.4,1,3,Logistics,0
133,2019-12-31, Google,USA,Superconducting,82,2.02,35.9,26.0,1304.6,2,0,General Research,1
887,2024-05-31,QuEra,USA,Neutral Atom,99,1.421,34.6,11.0,238.6,3,3,General Research,1
950,2023-06-30,Intel,USA,Silicon Spin,17,,31.6,3.0,763.1,2,1,General Research,0
502,2025-12-31,D-Wave,Canada,Quantum Annealing,104560,2.165,135.8,2202.0,829.4,5,3,AI/ML,0
231,2020-11-30,IonQ,USA,Trapped Ion,22,1.025,25.4,9.0,359.9,3,0,Drug Discovery,1
587,2022-04-30,PsiQuantum,USA,Photonic,13,4.213,13.1,2.0,1001.5,2,1,General Research,0
75,2023-06-30,IBM,USA,Superconducting,1136,0.708,70.8,498.0,1216.4,4,3,AI/ML,1
417,2019-06-30,D-Wave,Canada,Quantum Annealing,5227,3.82,42.8,90.0,507.9,2,1,Logistics,0
575,2021-02-28,PsiQuantum,USA,Photonic,5,4.944,5.5,2.0,630.7,1,1,Materials Science,0
806,2021-09-30,Pasqal,France,Neutral Atom,22,2.536,8.7,4.0,159.5,0,0,Finance,0
490,2024-12-31,D-Wave,Canada,Quantum Annealing,53135,2.476,85.8,1052.0,633.7,4,3,AI/ML,1
465,2023-02-28,D-Wave,Canada,Quantum Annealing,26671,2.571,72.3,624.0,606.9,2,3,AI/ML,0
716,2026-03-31,Xanadu,Canada,Photonic,765,1.721,64.0,27.0,499.1,4,3,General Research,0
805,2021-09-30,Pasqal,France,Neutral Atom,21,2.419,11.8,4.0,162.3,0,0,General Research,0
82,2023-11-30,IBM,USA,Superconducting,1547,0.657,92.4,678.0,1040.3,6,3,General Research,1
811,2022-06-30,Pasqal,France,Neutral Atom,30,2.097,17.5,5.0,173.2,0,1,Drug Discovery,0
787,2025-07-31,Origin Quantum,China,Superconducting,641,0.763,52.0,48.0,318.4,3,3,Materials Science,1
116,2018-04-30,Google,USA,Superconducting,27,2.676,16.6,9.0,851.6,2,1,Cryptography,0
523,2022-01-31,Quantinuum,UK,Trapped Ion,20,1.184,27.8,9.0,,1,0,AI/ML,0
139,2020-07-31,Google,USA,SUPERCONDUCTING,108,1.668,50.3,38.0,1194.1,2,1,Cryptography,0
130,2019-10-31,Google,USA,Superconducting,90,1.942,31.3,29.0,1089.5,2,2,Logistics,1
585,2022-02-28,PsiQuantum,USA,Photonic,10,3.891,13.0,2.0,982.0,1,0,AI/ML,0
267,2023-11-30,IonQ,USA,TRAPPED ION,87,0.493,68.6,30.0,429.4,6,3,Materials Science,1
127,2019-04-30,Google,USA,Superconducting,66,2.033,34.8,22.0,1252.4,8,0,Cryptography,1
462,2022-11-30,D-Wave,Canada,Quantum Annealing,22686,2.949,59.9,408.0,608.0,6,2,Materials Science,0
801,2021-07-31,Pasqal,France,Neutral Atom,16,2.64,12.1,3.0,151.2,0,1,Logistics,0
655,2021-06-30,Xanadu,Canada,Photonic,17,3.809,17.6,3.0,320.7,1,1,Cryptography,0
944,2022-12-31,Intel,USA,Silicon Spin,17,2.539,23.0,3.0,639.5,2,3,AI/ML,0
897,2024-11-30, QuEra,USA,Neutral Atom,133,1.597,28.2,12.0,288.9,3,1,Logistics,0
454,2022-05-31,D-Wave,Canada,Quantum Annealing,16032,2.886,83.0,349.0,702.0,7,1,Drug Discovery,1
263,2023-07-31,IonQ,USA,Trapped Ion,67,0.522,65.0,24.0,521.1,7,4,Finance,1
435,2020-10-31,D-Wave,Canada,Quantum Annealing,9100,3.759,53.4,126.0,454.8,9,0,Materials Science,1
357,2023-05-31,Rigetti,USA,Superconducting,421,0.991,45.2,45.0,451.7,10,1,Cryptography,1
391,2026-04-30,Rigetti,USA,Superconducting,2477,,89.6,182.0,429.3,4,4,Materials Science,0
910,2025-11-30,QuEra,USA,Neutral Atom,264,1.309,33.5,18.0,,2,1,Logistics,0
665,2022-02-28,Xanadu,Canada,Photonic,22,2.87,18.1,4.0,268.9,3,0,Drug Discovery,0
7,2017-09-30,IBM,USA,Superconducting,31,3.303,19.8,9.0,655.3,2,2,Finance,0
636,2025-12-31,PsiQuantum,USA,Photonic,196,2.009,42.8,10.0,1256.6,2,3,,0
542,2023-12-31,Quantinuum,UK,Trapped Ion,53,0.726,53.4,20.0,960.0,0,0,AI/ML,1
955,2023-10-31,Intel,USA,SILICON SPIN,26,2.181,29.1,4.0,768.1,0,0,Drug Discovery,0
596,2022-12-31,PsiQuantum,USA,Photonic,20,3.708,22.1,3.0,1114.1,3,2,General Research,0
41,2020-08-31,IBM,USA,Superconducting,205,1.398,61.6,77.0,717.1,4,2,Logistics,0
978,2025-11-30,Intel,USA,Silicon Spin,75,1.288,38.7,7.0,872.5,2,2,Drug Discovery,0
639,2026-05-31,PsiQuantum,USA,Photonic,325,1.634,41.7,14.0,1435.9,2,1,Finance,1
308,2019-04-30,Rigetti,USA,Superconducting,33,2.359,16.7,6.0,262.8,3,0,Logistics,0
18,2018-12-31,IBM,USA,Superconducting,63,2.319,41.5,21.0,588.2,2,0,Cryptography,0
457,2022-08-31,D-Wave,Canada,QUANTUM ANNEALING,23168,3.145,84.9,349.0,674.9,5,4,Cryptography,1
836,2024-08-31,Pasqal,France,Neutral Atom,145,1.325,29.1,,219.6,2,2,Cryptography,1
373,2024-10-31,Rigetti,USA,Superconducting,-1077,0.598,66.0,99.0,484.6,2,1,Logistics,0
519,2021-04-30,Quantinuum,UK,Trapped Ion,15,1.661,13.4,6.0,674.8,0,1,Materials Science,0
861,2022-03-31,QuEra,USA,Neutral Atom,19,2.375,11.7,4.0,199.2,0,2,General Research,0
549,2024-09-30,Quantinuum,UK,Trapped Ion,65,0.561,41.8,25.0,993.5,3,1,General Research,1
815,2022-08-31,Pasqal,France,Neutral Atom,36,2.065,15.0,5.0,227.1,1,0,General Research,1
426,2020-05-31,D-Wave,Canada,Quantum Annealing,8589,3.313,48.0,172.0,409.3,0,0,Materials Science,0
19,2019-01-31,IBM,USA,Superconducting,64,2.251,40.8,21.0,784.4,8,0,AI/ML,0
33,2020-02-29,IBM,USA,Superconducting,126,1.487,46.1,50.0,731.6,1,1,Finance,1
54,2021-08-31,IBM,USA,Superconducting,347,1.096,57.3,141.0,833.7,5,2,General Research,1
715,2026-03-31,Xanadu,Canada,Photonic,606,1.415,42.9,27.0,477.1,4,1,Finance,0
499,2025-09-30,D-Wave,Canada,Quantum Annealing,90766,2.648,116.0,1254.0,770.8,4,1,Cryptography,0
237,2021-05-31,IonQ,USA,Trapped Ion,27,1.027,35.4,11.0,324.9,0,2,Drug Discovery,1
408,2018-07-31,D-Wave,Canada,Quantum Annealing,3499,4.79,25.9,37.0,391.2,2,3,AI/ML,0
517,2021-03-31,Quantinuum,uk  ,Trapped Ion,13,1.619,12.2,6.0,795.6,1,2,Logistics,0
254,2022-07-31,IonQ,USA,Trapped Ion,55,0.661,42.9,20.0,441.8,4,2,Finance,0
893,2024-09-30,QuEra,USA,Neutral Atom,124,1.58,26.6,11.0,264.3,3,1,AI/ML,0
79,2023-09-30,IBM,USA,Superconducting,1159,0.624,79.7,536.0,1270.6,8,4,Cryptography,1
438,2021-02-28,D-Wave,Canada,Quantum Annealing,11065,3.372,61.9,190.0,533.4,5,2,Logistics,0
561,2025-09-30,Quantinuum,UK,Trapped Ion,116,0.416,72.3,42.0,1259.8,1,1,AI/ML,0
43,2020-11-30,IBM,USA,SUPERCONDUCTING,222,1.248,71.1,89.0,720.5,3,0,Finance,0
466,2023-02-28,D-Wave,Canada,Quantum Annealing,22190,3.062,63.9,366.0,623.6,11,2,Drug Discovery,1
724,2019-10-31,Origin Quantum,China,Superconducting,17,3.67,8.0,3.0,162.2,2,0,Cryptography,0
28,2019-10-31,IBM,USA,Superconducting,128,1.793,44.7,44.0,764.4,0,1,Cryptography,0
681,2023-06-30,Xanadu,Canada,Photonic,80,2.328,40.7,8.0,383.7,3,0,Drug Discovery,0
771,2024-01-31,Origin Quantum,China,Superconducting,237,1.048,39.5,24.0,318.4,3,2,Materials Science,0
26,2019-08-31,IBM,USA,Superconducting,86,1.716,50.0,33.0,628.6,4,2,Finance,0
896,2024-11-30,QuEra,USA,Neutral Atom,126,1.582,37.8,12.0,302.7,3,1,AI/ML,0
545,2024-04-30,Quantinuum,UK,Trapped Ion,61,0.588,43.8,24.0,907.9,6,2,Materials Science,0
272,2024-06-30,IonQ,USA,Trapped Ion,112,0.382,74.9,38.0,427.1,4,2,Finance,0
971,2025-06-30,Intel,usa  ,Silicon Spin,64,1.506,35.6,6.0,802.4,4,2,Drug Discovery,0
135,2020-04-30,Google,USA,Superconducting,115,1.845,47.6,37.0,1055.2,6,3,,1
106,2017-07-31,Google,USA,Superconducting,21,3.688,10.6,6.0,785.1,4,4,Drug Discovery,0
8,2017-09-30,IBM,usa  ,Superconducting,26,3.148,20.8,8.0,586.0,3,0,General Research,1
746,2021-10-31,Origin Quantum,China,Superconducting,56,2.151,29.1,8.0,285.5,1,1,AI/ML,0
293,2026-02-28,IonQ,USA,Trapped Ion,269,0.301,65.1,,550.9,4,4,Cryptography,1
973,2025-08-31,Intel,USA,Silicon Spin,74,1.455,33.5,6.0,953.8,2,1,Cryptography,0
859,2021-12-31,QuEra,USA,Neutral Atom,15,2.489,8.3,3.0,201.1,1,0,General Research,0
683,2023-07-31,Xanadu,Canada,Photonic,74,,31.0,7.0,416.4,4,0,Materials Science,0
320,2020-05-31,Rigetti,USA,Superconducting,67,1.816,32.0,11.0,271.8,2,1,Drug Discovery,0
777,2024-09-30,Origin Quantum,China,SUPERCONDUCTING,338,0.872,50.6,32.0,301.6,4,2,AI/ML,0
633,2025-08-31,PsiQuantum,USA,Photonic,186,1.783,46.5,11.0,1449.4,0,0,AI/ML,1
559,2025-07-31, Quantinuum,UK,Trapped Ion,99,0.432,65.6,37.0,1101.5,4,2,Drug Discovery,1
833,2024-05-31,Pasqal,France,Neutral Atom,116,1.489,29.1,10.0,279.5,2,0,General Research,0
259,2023-03-31,IonQ,USA,Trapped Ion,67,0.62,57.7,,514.5,4,1,Materials Science,1
421,2019-12-31,D-Wave,Canada,Quantum Annealing,5479,3.516,50.2,115.0,498.7,2,1,Drug Discovery,0
120,2018-09-30,Google,USA,Superconducting,44,2.664,25.9,13.0,1093.1,3,3,Cryptography,0
289,2025-09-30,IonQ,USA,Trapped Ion,240,0.333,61.4,69.0,543.4,4,2,General Research,0
81,2023-11-30,IBM,USA,Superconducting,1324,0.675,116.2,583.0,1017.9,8,3,General Research,0
212,2019-01-31,IonQ,USA,Trapped Ion,8,2.04,6.9,4.0,,1,0,Drug Discovery,1
953,2023-08-31,Intel,USA,Silicon Spin,21,1.934,30.6,3.0,594.2,2,3,Logistics,1
200,2025-10-31,Google,USA,Superconducting,3645,,113.6,1396.0,2294.9,9,5,Finance,0
855,2026-05-31,Pasqal,France,Neutral Atom,515,1.039,46.2,26.0,292.9,2,3,Finance,0
703,2025-03-31,Xanadu,Canada,Photonic,283,1.658,47.2,17.0,375.8,3,0,Cryptography,1
597,2022-12-31,PsiQuantum,USA,Photonic,18,2.989,15.7,3.0,,3,2,Materials Science,0
937,2022-05-31,Intel,USA,Silicon Spin,11,2.536,21.8,2.0,570.2,1,1,General Research,0
634,2025-10-31,PsiQuantum,USA,Photonic,226,2.146,39.8,10.0,1465.1,1,0,Cryptography,0
678,2023-04-30,Xanadu,Canada,Photonic,75,2.53,,7.0,414.1,0,1,AI/ML,1
583,2021-12-31,PsiQuantum,USA,Photonic,8,4.035,15.2,2.0,696.5,1,2,Cryptography,0
738,2021-03-31,Origin Quantum,China,Superconducting,33,2.229,21.5,6.0,280.5,1,1,Logistics,0
880,2023-09-30,QuEra,USA,Neutral Atom,51,1.84,22.7,7.0,266.7,1,1,Drug Discovery,0
422,2020-01-31,D-Wave,Canada,Quantum Annealing,5748,3.729,40.2,101.0,476.2,4,1,Logistics,0
469,2023-05-31,D-Wave,Canada,Quantum Annealing,32662,2.399,87.4,825.0,627.7,3,4,Materials Science,1
375,2024-11-30,Rigetti,USA,Superconducting,1138,0.646,74.9,100.0,436.2,5,0,AI/ML,1
16,2018-10-31,IBM,USA,Superconducting,63,2.132,33.0,22.0,676.0,6,2,Logistics,0
814,2022-08-31,Pasqal,France,Neutral Atom,39,2.218,19.0,5.0,229.6,4,1,Logistics,1
215,2019-04-30,IonQ,USA,Trapped Ion,9,1.729,12.2,4.0,230.8,2,0,General Research,0
412,2018-11-30,D-Wave,Canada,Quantum Annealing,4458,4.222,35.6,62.0,383.9,1,1,AI/ML,1
102,2026-03-31,IBM,USA,Superconducting,7722,0.45,153.8,3366.0,1489.8,5,5,Logistics,1
865,2022-06-30,QuEra,USA,Neutral Atom,23,2.637,15.4,4.0,214.6,3,0,General Research,0
878,2023-06-30,QuEra,USA,Neutral Atom,55,2.053,20.0,7.0,217.5,1,1,Drug Discovery,1
520,2021-05-31,Quantinuum,UK,Trapped Ion,13,1.39,20.5,6.0,695.5,2,0,Logistics,1
581,2021-11-30,PsiQuantum,USA,Photonic,9,4.185,12.9,2.0,855.3,2,1,Cryptography,0
803,2021-08-31,Pasqal,France,Neutral Atom,19,2.356,13.0,4.0,160.9,1,0,Cryptography,0
31,2020-01-31,IBM,USA,Superconducting,142,1.738,53.9,49.0,838.0,2,4,Materials Science,1
871,2022-11-30,QuEra,USA,Neutral Atom,34,2.224,16.0,5.0,206.9,1,0,Drug Discovery,1
268,2023-12-31,IonQ,USA,Trapped Ion,95,0.493,54.9,32.0,536.2,6,4,Drug Discovery,1
144,2021-02-28,Google,USA,Superconducting,191,1.345,49.0,69.0,1212.2,9,1,Cryptography,0
260,2023-05-31,IonQ,USA,Trapped Ion,80,0.507,55.3,28.0,484.2,5,0,Materials Science,1
743,2021-09-30,Origin Quantum,China,Superconducting,53,1.84,31.6,8.0,245.5,2,1,Logistics,0
624,2025-01-31,PsiQuantum,USA,Photonic,108,2.086,29.6,8.0,1296.3,2,1,Logistics,1
965,2024-11-30,Intel,USA,SILICON SPIN,48,1.538,36.8,5.0,695.6,2,2,Cryptography,0
376,2024-12-31,Rigetti,USA,Superconducting,1139,0.584,65.7,103.0,464.1,6,2,Materials Science,0
572,2026-06-30,Quantinuum,UK,Trapped Ion,134,0.396,67.2,47.0,1204.1,6,2,General Research,1
65,2022-06-30,IBM,USA,Superconducting,524,0.778,62.3,241.0,870.0,3,0,Cryptography,1
442,2021-06-30,D-Wave,Canada,Quantum Annealing,13188,2.943,64.7,296.0,481.9,5,0,Logistics,1
214,2019-03-31,IonQ,USA,Trapped Ion,-9,1.656,8.3,4.0,250.9,2,0,Logistics,1
589,2022-05-31,PsiQuantum,USA,Photonic,14,3.455,17.8,3.0,813.8,1,0,Cryptography,0
876,2023-05-31,QuEra,USA,Neutral Atom,52,2.091,20.3,7.0,247.5,4,1,Materials Science,0
730,2020-04-30,Origin Quantum,China,Superconducting,25,2.968,14.6,4.0,182.1,1,1,Cryptography,0
713,2026-01-31, Xanadu,Canada,Photonic,500,1.418,47.3,25.0,544.5,4,3,Finance,0
521,2021-06-30,Quantinuum,UK,Trapped Ion,15,1.385,14.4,7.0,618.7,4,2,Logistics,0
883,2024-02-29,QuEra,USA,Neutral Atom,87,1.8,23.0,9.0,281.4,4,1,Finance,1
722,2019-08-31,Origin Quantum,China,Superconducting,14,3.161,6.3,3.0,160.8,1,1,Finance,0
699,2024-08-31,Xanadu,Canada,Photonic,205,1.841,42.3,14.0,363.2,4,3,AI/ML,0
385,2025-12-31,Rigetti,USA,Superconducting,2427,0.541,79.0,174.0,468.9,2,2,Cryptography,0
295,2026-03-31,IonQ,USA,Trapped Ion,273,0.306,91.6,77.0,609.9,4,2,Cryptography,1
126,2019-03-31,Google,USA,Superconducting,58,2.153,36.5,,1128.1,2,3,Cryptography,0
789,2025-08-31,Origin Quantum,china  ,Superconducting,571,0.771,73.8,45.0,358.9,3,1,General Research,1
758,2023-01-31,Origin Quantum,China,Superconducting,138,1.38,45.0,16.0,336.4,1,1,Finance,0
857,2021-08-31,QuEra,USA,NEUTRAL ATOM,14,3.214,7.3,3.0,148.0,1,0,Cryptography,0
436,2020-12-31,D-Wave,Canada,Quantum Annealing,11552,3.014,50.0,258.0,472.9,5,3,General Research,1
390,2026-04-30,Rigetti,USA,Superconducting,3054,0.494,95.6,208.0,555.6,4,4,Finance,0
603,2023-06-30,PsiQuantum,USA,Photonic,26,2.753,28.6,4.0,1037.0,2,1,AI/ML,0
175,2023-10-31,Google,USA,Superconducting,1048,0.752,94.1,396.0,1604.1,4,4,General Research,1
378,2025-02-28,Rigetti,USA,Superconducting,1240,0.653,70.0,106.0,513.5,5,3,Cryptography,1
397,2017-10-31,D-Wave,Canada,Quantum Annealing,2456,5.773,21.3,17.0,383.9,1,1,Drug Discovery,0
907,2025-09-30,QuEra,USA,Neutral Atom,229,1.364,35.1,17.0,292.1,3,0,Finance,0
645,2020-06-30,Xanadu,Canada,Photonic,7,4.694,8.9,2.0,221.8,1,2,Finance,0
108,2017-08-31,Google,USA,Superconducting,20,3.698,8.8,6.0,754.3,0,1,Finance,1
568,2026-04-30,Quantinuum,UK,Trapped Ion,147,0.397,55.9,51.0,1304.8,6,0,Materials Science,0
95,2025-03-31,IBM,USA,Superconducting,3359,0.438,138.0,1597.0,1289.1,10,6,Drug Discovery,1
611,2023-12-31,PsiQuantum,USA,Photonic,52,2.431,25.9,5.0,991.9,2,1,General Research,1
768,2023-12-31,Origin Quantum,China,Superconducting,207,1.145,48.6,22.0,351.3,3,0,Logistics,1
273,2024-08-31,IonQ,USA,Trapped Ion,133,0.416,80.8,43.0,593.2,8,2,Materials Science,0
306,2019-01-31,Rigetti,USA,Superconducting,24,2.447,16.6,5.0,218.8,1,1,Cryptography,0
481,2024-04-30,D-Wave,Canada,Quantum Annealing,44227,2.841,78.0,671.0,824.5,6,0,AI/ML,0
358,2023-07-31,Rigetti,USA,Superconducting,545,0.913,73.0,55.0,435.6,2,0,AI/ML,0
846,2025-09-30,Pasqal,France,Neutral Atom,358,1.068,50.2,21.0,294.0,5,2,AI/ML,0
333,2021-05-31,Rigetti,USA,Superconducting,137,1.605,45.4,18.0,317.6,1,0,AI/ML,0
778,2024-11-30,Origin Quantum,China,Superconducting,400,0.942,46.7,34.0,353.9,4,1,Logistics,1
726,2019-11-30, Origin Quantum,China,Superconducting,16,2.899,7.7,4.0,198.1,2,1,Cryptography,0
514,2020-12-31,Quantinuum,UK,Trapped Ion,12,1.758,,5.0,691.4,3,0,AI/ML,0
693,2024-03-31,Xanadu,Canada,Photonic,132,2.03,39.9,10.0,372.9,4,2,Finance,0
913,2026-01-31,QuEra,usa  ,Neutral Atom,349,1.19,41.7,22.0,357.2,6,0,AI/ML,0
370,2024-04-30,Rigetti,USA,Superconducting,779,0.69,61.4,77.0,,2,4,Materials Science,1
136,2020-05-31,Google,USA,Superconducting,101,1.847,35.9,33.0,1252.6,0,1,Drug Discovery,0
620,2024-08-31,PsiQuantum,USA,Photonic,75,2.539,32.6,6.0,1200.5,2,1,Materials Science,0
371,2024-07-31,Rigetti,USA,Superconducting,994,0.667,79.6,91.0,453.1,2,3,Materials Science,0
248,2022-01-31,IonQ,USA,Trapped Ion,36,0.837,31.2,14.0,346.5,5,1,General Research,1
552,2024-12-31,Quantinuum,uk  ,Trapped Ion,82,0.593,60.1,30.0,,2,0,Cryptography,0
300,2018-02-28,Rigetti,USA,Superconducting,15,3.224,10.0,4.0,233.2,2,2,Finance,0
753,2022-07-31,Origin Quantum,China,Superconducting,104,1.642,25.8,12.0,292.5,1,1,Cryptography,1
374,2024-11-30,Rigetti,USA,Superconducting,1109,0.666,85.7,98.0,515.5,4,3,Finance,0
665,2022-02-28,Xanadu,Canada,Photonic,22,2.87,18.1,4.0,268.9,3,0,Drug Discovery,0
528,2022-04-30,Quantinuum,UK,Trapped Ion,25,1.209,32.7,10.0,850.5,3,0,Logistics,0
959,2024-02-29,Intel,USA,Silicon Spin,29,1.851,39.3,4.0,764.7,2,1,General Research,0
786,2025-06-30,Origin Quantum,China,Superconducting,585,0.695,70.7,47.0,433.4,3,1,Logistics,1
609,2023-10-31,PsiQuantum,USA,Photonic,39,2.809,25.4,4.0,1096.4,1,0,AI/ML,1
428,2020-06-30,D-Wave,Canada,Quantum Annealing,7749,3.6,58.7,131.0,458.7,5,3,Drug Discovery,1
147,2021-05-31,Google,USA,Superconducting,240,1.4,68.2,80.0,1480.5,4,2,Materials Science,0
894,2024-10-31,QuEra,USA,Neutral Atom,127,1.543,31.7,12.0,234.7,1,1,General Research,0
794,2026-02-28,Origin Quantum,China,Superconducting,951,0.603,74.7,66.0,463.4,5,0,General Research,1
437,2020-12-31,D-Wave,Canada,Quantum Annealing,9934,3.507,41.9,161.0,546.0,6,4,Materials Science,0
817,2022-10-31,Pasqal,France,Neutral Atom,38,1.855,23.4,6.0,218.2,2,1,Drug Discovery,0
141,2020-11-30,Google,USA,Superconducting,178,1.516,59.4,60.0,1528.8,5,4,Finance,1
881,2023-12-31,QuEra,USA,Neutral Atom,78,1.956,31.4,8.0,207.9,0,1,,0
404,2018-03-31,D-Wave,Canada,Quantum Annealing,2506,4.718,20.4,34.0,428.6,2,3,Finance,1
638,2026-02-28,PsiQuantum,USA,Photonic,244,1.989,50.7,11.0,1149.9,4,2,General Research,0
790,2025-09-30,Origin Quantum,China,Superconducting,753,0.731,,54.0,,3,1,Finance,1
501,2025-11-30,D-Wave,Canada,Quantum Annealing,84216,,135.0,1289.0,794.8,3,9,AI/ML,0
27,2019-09-30,IBM,USA,Superconducting,101,1.875,40.7,35.0,870.1,5,2,,1
156,2022-04-30,Google,USA,SUPERCONDUCTING,442,0.979,76.5,166.0,1717.2,3,0,AI/ML,0
930,2021-09-30,Intel,USA,Silicon Spin,7,3.379,18.6,2.0,591.7,1,0,Materials Science,0
825,2023-09-30,Pasqal,France,Neutral Atom,67,1.608,30.3,8.0,252.5,3,0,Drug Discovery,1
668,2022-04-30,Xanadu,Canada,Photonic,26,2.733,23.1,4.0,360.5,1,1,General Research,0
508,2020-08-31,Quantinuum,UK,Trapped Ion,10,1.756,9.5,5.0,616.6,1,0,Finance,0
606,2023-08-31,PsiQuantum,USA,Photonic,40,2.82,30.4,4.0,880.4,3,1,Drug Discovery,1
387,2026-01-31,Rigetti,USA,Superconducting,2074,0.56,98.9,156.0,443.3,3,1,Cryptography,0
100,2026-01-31,IBM,USA,Superconducting,6282,0.448,131.7,2796.0,1507.6,6,5,Cryptography,1
470,2023-08-31,D-Wave,canada  ,QUANTUM ANNEALING,36324,2.432,100.3,858.0,711.4,8,0,AI/ML,1
807,2021-12-31,Pasqal,France,Neutral Atom,23,2.288,11.9,,204.2,1,0,General Research,1
167,2023-04-30,Google,USA,Superconducting,718,0.822,64.3,274.0,1938.3,3,5,AI/ML,1
782,2025-04-30,Origin Quantum,China,Superconducting,518,,53.2,43.0,388.4,4,0,Finance,0
24,2019-07-31,IBM,USA,Superconducting,100,1.632,50.9,39.0,841.2,0,5,Finance,0
843,2025-06-30,Pasqal,France,Neutral Atom,271,1.141,45.9,18.0,262.3,4,3,Cryptography,1
205,2026-01-31,Google,USA,Superconducting,4029,0.434,90.7,1612.0,2171.7,9,4,Finance,1
34,2020-03-31,IBM,USA,Superconducting,156,1.586,48.4,57.0,923.5,1,2,General Research,0
743,2021-09-30,Origin Quantum,China,Superconducting,53,1.84,31.6,8.0,245.5,2,1,Logistics,0
550,2024-10-31,Quantinuum,UK,Trapped Ion,74,0.627,51.4,27.0,964.1,0,2,AI/ML,0
717,2026-04-30,Xanadu,Canada,Photonic,644,1.378,63.1,28.0,432.0,3,1,Logistics,0
619,2024-07-31,PsiQuantum,USA,PHOTONIC,73,2.126,38.0,6.0,1310.0,1,1,Materials Science,0
927,2021-04-30,Intel,usa  ,Silicon Spin,7,3.144,11.4,2.0,529.3,3,1,AI/ML,0
571,2026-05-31,Quantinuum,UK,Trapped Ion,169,0.419,77.6,56.0,1176.3,3,4,AI/ML,0
10,2017-12-31,IBM,USA,Superconducting,38,3.066,19.8,11.0,517.6,3,1,Logistics,1
11,2018-04-30,IBM,USA,Superconducting,37,2.403,22.8,14.0,669.9,4,0,Cryptography,0
80,2023-10-31,IBM,USA,Superconducting,1640,0.639,112.0,723.0,1185.1,6,5,Drug Discovery,1
562,2025-09-30,Quantinuum,UK,Trapped Ion,124,0.507,69.6,43.0,1219.3,1,2,Logistics,0
756,2022-10-31,Origin Quantum,China,Superconducting,100,1.484,40.7,13.0,319.0,1,1,Drug Discovery,1
119,2018-07-31,Google,USA,Superconducting,39,2.773,22.8,12.0,833.5,3,1,Finance,0
694,2024-04-30,Xanadu,Canada,Photonic,134,2.011,43.5,10.0,432.9,5,3,General Research,0
235,2021-03-31,IonQ,USA,Trapped Ion,25,0.914,32.4,10.0,341.6,2,0,General Research,1
500,2025-10-31,D-Wave,Canada,Quantum Annealing,97163,2.552,125.7,1437.0,852.3,8,7,Cryptography,1
710,2025-09-30,Xanadu,Canada,Photonic,487,1.495,44.4,24.0,479.8,4,2,General Research,0
290,2025-10-31,IonQ,usa  ,Trapped Ion,209,0.322,67.7,63.0,543.0,8,3,Cryptography,1
217,2019-06-30,IonQ,USA,Trapped Ion,10,1.663,11.5,5.0,313.2,4,0,AI/ML,0
50,2021-05-31,IBM,usa  ,Superconducting,271,1.173,65.5,110.0,947.0,6,5,Materials Science,1
474,2023-10-31,D-Wave,Canada,Quantum Annealing,36023,2.968,100.1,529.0,649.0,5,4,Finance,1
564,2025-12-31,Quantinuum,UK,Trapped Ion,105,0.467,74.1,38.0,,2,2,AI/ML,1
874,2023-01-31,QuEra,USA,Neutral Atom,35,2.19,15.3,5.0,241.4,1,1,Materials Science,0
467,2023-03-31,D-Wave,Canada,Quantum Annealing,24134,2.814,80.3,475.0,583.0,6,1,AI/ML,1
593,2022-09-30,PsiQuantum,USA,Photonic,16,3.602,16.3,3.0,1082.2,3,1,Cryptography,0
145,2021-02-28, Google,USA,Superconducting,194,1.319,47.8,70.0,1262.3,2,2,Drug Discovery,0
708,2025-07-31,Xanadu,Canada,Photonic,411,1.512,,21.0,506.9,2,3,Logistics,0
669,2022-06-30,Xanadu,Canada,Photonic,37,3.052,26.7,5.0,319.0,2,0,AI/ML,1
775,2024-06-30,Origin Quantum,China,Superconducting,274,1.094,44.5,26.0,338.4,3,1,General Research,0
334,2021-06-30,Rigetti,USA,Superconducting,136,1.534,32.8,18.0,373.8,2,0,Materials Science,0
113,2017-12-31,Google,USA,SUPERCONDUCTING,27,3.325,18.2,8.0,751.8,0,0,Drug Discovery,0
400,2017-11-30,D-Wave,Canada,Quantum Annealing,2332,5.2,19.6,24.0,347.6,2,0,AI/ML,1
945,2023-01-31, Intel,USA,Silicon Spin,13,2.039,23.2,3.0,565.8,3,1,Logistics,0
652,2021-01-31,Xanadu,Canada,Photonic,-12,4.144,16.2,2.0,259.6,2,2,Drug Discovery,0
384,2025-09-30,Rigetti,usa  ,Superconducting,1747,0.525,90.0,141.0,561.4,4,2,AI/ML,1
339,2021-10-31,Rigetti,USA,Superconducting,164,1.435,35.5,21.0,303.5,2,3,Logistics,0
573,2021-01-31,PsiQuantum,USA,Photonic,4,4.829,5.0,,767.6,0,0,AI/ML,0
917,2020-01-31,Intel,USA,Silicon Spin,3,4.194,6.0,2.0,419.2,3,0,AI/ML,0
628,2025-03-31,PsiQuantum,USA,Photonic,140,1.917,40.4,,1101.5,2,2,Materials Science,0
755,2022-10-31,Origin Quantum,China,Superconducting,111,1.474,30.1,14.0,278.1,2,0,Finance,1
352,2022-11-30,Rigetti,USA,Superconducting,305,0.944,54.5,38.0,402.9,2,0,Logistics,0
657,2021-07-31,Xanadu,Canada,Photonic,15,,15.2,3.0,331.7,3,0,General Research,0
439,2021-04-30,D-Wave,Canada,Quantum Annealing,9861,3.316,62.8,186.0,597.6,0,0,Materials Science,1
929,2021-06-30,Intel,USA,Silicon Spin,6,3.195,18.2,2.0,463.2,3,1,Finance,0
647,2020-09-30,Xanadu,Canada,Photonic,9,4.352,10.1,2.0,283.0,1,0,,1
718,2026-04-30, Xanadu,Canada,Photonic,738,,57.0,27.0,514.9,4,1,Finance,1
323,2020-08-31,Rigetti,USA,Superconducting,69,1.705,29.5,12.0,306.9,2,2,Logistics,0
496,2025-06-30,D-Wave,Canada,Quantum Annealing,81127,2.177,113.5,1838.0,877.9,4,3,Drug Discovery,1
772,2024-02-29,Origin Quantum,China,Superconducting,231,1.113,39.4,23.0,376.5,2,4,Drug Discovery,1
834,2024-05-31,Pasqal,France,NEUTRAL ATOM,139,1.477,27.9,11.0,255.5,4,1,Materials Science,0
184,2024-09-30,Google,USA,Superconducting,2041,0.616,100.9,774.0,1631.2,4,3,Cryptography,1
368,2024-02-29,Rigetti,usa  ,Superconducting,624,0.748,73.7,65.0,436.4,7,2,Materials Science,1
343,2022-02-28,Rigetti,USA,Superconducting,189,1.299,37.8,24.0,361.4,3,0,Cryptography,0
307,2019-03-31,Rigetti,USA,Superconducting,35,2.904,20.9,6.0,226.2,0,0,Logistics,0
218,2019-07-31,IonQ,USA,Trapped Ion,11,1.653,13.5,5.0,306.0,3,0,Materials Science,0
866,2022-07-31,QuEra,USA,Neutral Atom,25,2.167,12.2,5.0,185.9,1,0,Finance,0
38,2020-05-31,IBM,USA,Superconducting,176,1.441,55.6,67.0,921.5,6,1,Cryptography,1
314,2019-12-31,Rigetti,USA,Superconducting,47,2.121,28.9,8.0,285.4,2,1,General Research,1
567,2026-02-28,Quantinuum,UK,Trapped Ion,130,0.447,57.6,45.0,1383.7,4,2,Logistics,0
189,2025-01-31,Google,usa  ,Superconducting,-2295,0.568,85.5,887.0,1890.1,10,4,Logistics,0
456,2022-06-30,D-Wave,Canada,Quantum Annealing,20858,2.594,82.2,524.0,596.6,9,2,AI/ML,0
37,2020-04-30,IBM,USA,Superconducting,153,1.502,59.6,58.0,759.0,5,7,Drug Discovery,1
677,2023-04-30,Xanadu,Canada,Photonic,70,2.346,30.9,7.0,358.4,4,1,General Research,1
478,2024-02-29,D-Wave,Canada,Quantum Annealing,40302,2.446,77.3,906.0,736.4,6,4,Materials Science,0
850,2026-01-31,Pasqal,France,Neutral Atom,363,1.058,46.3,21.0,252.9,3,0,Materials Science,1
637,2025-12-31,PsiQuantum,USA,Photonic,191,2.055,45.0,10.0,1418.8,6,1,AI/ML,1
453,2022-05-31,D-Wave,Canada,Quantum Annealing,21926,3.151,75.3,337.0,571.0,6,4,AI/ML,1
234,2021-02-28,IonQ,USA,Trapped Ion,27,1.077,27.7,11.0,328.1,0,1,Materials Science,1
911,2025-12-31,QuEra,USA,Neutral Atom,275,1.043,47.3,20.0,267.0,3,3,Drug Discovery,1
752,2022-06-30,Origin Quantum,China,SUPERCONDUCTING,84,1.566,29.6,11.0,258.3,5,1,Materials Science,0
406,2018-05-31,D-Wave,Canada,Quantum Annealing,3100,4.632,25.1,39.0,411.2,3,1,Materials Science,1
702,2025-02-28,Xanadu,Canada,Photonic,306,1.663,53.2,18.0,368.2,1,3,General Research,0
66,2022-06-30,IBM,USA,Superconducting,558,,73.7,252.0,938.7,2,3,Materials Science,0
434,2020-10-31,D-Wave,Canada,QUANTUM ANNEALING,10337,3.683,61.2,143.0,568.8,4,0,Finance,0
164,2022-12-31,Google,USA,Superconducting,678,0.982,80.3,237.0,1540.5,5,2,Drug Discovery,1
264,2023-08-31,IonQ,USA,Trapped Ion,69,0.496,66.5,25.0,495.9,8,2,Drug Discovery,1
972,2025-07-31,Intel,USA,Silicon Spin,65,1.301,51.7,6.0,949.3,2,1,Materials Science,0
577,2021-03-31,PsiQuantum,USA,Photonic,5,4.764,6.8,2.0,645.9,2,1,Cryptography,0
236,2021-04-30,IonQ,USA,Trapped Ion,23,0.889,38.7,10.0,355.6,4,3,Logistics,0
176,2023-12-31,Google,USA,Superconducting,1229,0.724,84.6,463.0,1495.9,10,2,General Research,0
719,2026-05-31,Xanadu,Canada,Photonic,741,1.513,70.7,29.0,470.3,3,0,General Research,1
477,2024-02-29,D-Wave,Canada,Quantum Annealing,38339,2.717,68.5,688.0,788.3,2,2,Logistics,0
72,2023-04-30,IBM,USA,Superconducting,1001,0.672,100.6,456.0,1196.5,6,3,Logistics,1
437,2020-12-31,D-Wave,Canada,Quantum Annealing,9934,3.507,41.9,161.0,546.0,6,4,Materials Science,0
90,2024-09-30,IBM,usa  ,Superconducting,2824,0.588,93.9,1218.0,1099.8,10,4,Cryptography,1
118,2018-06-30,Google,USA,Superconducting,29,2.992,18.2,9.0,876.6,2,1,Finance,0
322,2020-07-31,Rigetti,USA,Superconducting,70,1.618,37.1,12.0,345.6,2,2,Materials Science,0
616,2024-06-30,PsiQuantum,USA,Photonic,61,2.408,30.9,6.0,1084.4,2,2,Cryptography,0
948,2023-03-31,Intel,USA,Silicon Spin,15,2.288,24.0,3.0,729.3,1,1,General Research,0
533,2022-12-31,Quantinuum,uk  ,Trapped Ion,30,1.013,29.2,12.0,983.2,0,1,Cryptography,0
62,2022-02-28,IBM,USA,Superconducting,427,1.055,61.9,172.0,1132.3,8,3,General Research,0
697,2024-07-31,Xanadu,Canada,Photonic,200,2.112,50.6,12.0,371.4,4,1,Finance,0
187,2024-11-30,Google,USA,Superconducting,1939,0.512,94.2,796.0,2181.3,6,4,Finance,0
419,2019-08-31,D-Wave,Canada,Quantum Annealing,6173,4.21,37.6,73.0,456.7,4,2,Cryptography,0
402,2018-02-28,D-Wave,Canada,Quantum Annealing,2762,4.495,19.4,41.0,344.9,5,0,Drug Discovery,0
233,2021-01-31,IonQ,USA,Trapped Ion,24,1.088,23.0,10.0,375.7,3,0,General Research,0
482,2024-05-31,D-Wave,Canada,QUANTUM ANNEALING,52178,2.525,108.5,994.0,603.4,4,3,Finance,0
73,2023-04-30,IBM,USA,Superconducting,1124,0.645,69.3,514.0,1023.5,7,2,AI/ML,0
452,2022-02-28,D-Wave,Canada,Quantum Annealing,15130,2.701,81.0,392.0,540.7,7,3,Cryptography,0
271,2024-05-31,IonQ,USA,Trapped Ion,128,0.486,65.5,40.0,473.1,2,1,AI/ML,0
112,2017-11-30,Google,USA,SUPERCONDUCTING,23,3.625,15.3,6.0,908.1,2,0,AI/ML,1
510,2020-09-30,Quantinuum,UK,Trapped Ion,9,1.81,10.1,4.0,540.7,3,0,Logistics,0
566,2026-02-28,Quantinuum,UK,Trapped Ion,146,0.412,66.5,50.0,1187.9,5,2,Cryptography,1
819,2022-12-31,Pasqal,France,NEUTRAL ATOM,53,25.8,19.5,7.0,180.8,2,0,General Research,0
227,2020-05-31, IonQ,USA,Trapped Ion,19,1.211,22.4,8.0,330.7,4,4,General Research,0
330,2021-02-28,Rigetti,USA,Superconducting,99,1.582,40.0,15.0,363.0,0,0,Logistics,1
595,2022-11-30,PsiQuantum,USA,PHOTONIC,22,3.78,20.9,3.0,1113.9,2,2,General Research,0
935,2022-04-30,Intel,USA,Silicon Spin,10,2.635,20.4,2.0,581.6,3,0,General Research,0
196,2025-07-31,Google,USA,Superconducting,3269,0.551,99.6,1226.0,2036.2,5,3,General Research,1
337,2021-09-30,Rigetti,USA,Superconducting,143,1.364,33.6,20.0,396.6,3,2,Drug Discovery,0
479,2024-03-31,D-Wave,Canada,Quantum Annealing,39829,2.77,112.2,672.0,644.7,3,1,Materials Science,0
760,2023-05-31,Origin Quantum,China,Superconducting,140,1.348,44.2,16.0,290.4,3,3,Finance,1
29,2019-12-31,IBM,USA,Superconducting,144,1.468,52.5,56.0,793.8,9,1,AI/ML,0
570,2026-05-31,Quantinuum,uk  ,Trapped Ion,166,0.409,71.7,56.0,1265.9,5,4,General Research,0
889,2024-06-30,QuEra,USA,Neutral Atom,94,1.67,31.2,10.0,304.5,1,0,AI/ML,0
475,2023-12-31, D-Wave,Canada,Quantum Annealing,39563,2.342,101.7,983.0,705.0,7,3,General Research,1
138,2020-06-30,Google,USA,Superconducting,133,1.775,54.1,42.0,1428.4,6,0,Cryptography,1
539,2023-07-31,Quantinuum,uk  ,Trapped Ion,44,0.742,37.8,18.0,1051.4,3,3,Materials Science,1
744,2021-09-30,Origin Quantum,China,Superconducting,49,2.198,29.3,7.0,263.6,3,1,AI/ML,0
921,2020-12-31,Intel,USA,Silicon Spin,4,4.125,10.7,2.0,498.2,1,0,Drug Discovery,0
394,2017-06-30,D-Wave,Canada,Quantum Annealing,1832,,13.7,13.0,355.5,3,3,AI/ML,0
383,2025-08-31,Rigetti,USA,Superconducting,1663,0.586,93.9,133.0,563.5,4,2,General Research,1
977,2025-11-30,Intel,USA,Silicon Spin,74,1.443,34.8,6.0,856.9,3,3,General Research,1
974,2025-08-31,Intel,USA,Silicon Spin,67,1.422,43.5,6.0,915.5,4,2,AI/ML,0
680,2023-06-30,Xanadu,Canada,Photonic,81,2.317,30.3,8.0,385.0,4,2,General Research,0
757,2022-12-31,Origin Quantum,China,Superconducting,117,1.388,37.4,14.0,344.6,1,0,Cryptography,0
709,2025-09-30,Xanadu,Canada,Photonic,468,1.489,,23.0,397.7,3,3,Finance,0
329,2021-02-28,Rigetti,USA,SUPERCONDUCTING,115,1.578,41.5,16.0,279.1,2,2,AI/ML,1
13,2018-07-31,IBM,USA,Superconducting,47,2.228,32.1,17.0,719.7,2,3,Drug Discovery,0
586,2022-04-30,PsiQuantum,USA,Photonic,12,3.696,17.3,2.0,963.7,1,1,Materials Science,1
905,2025-06-30,QuEra,USA,Neutral Atom,231,1.26,36.6,17.0,331.9,4,2,Logistics,1
207,2026-03-31,Google,usa  ,Superconducting,4859,0.486,135.9,1828.0,2283.5,1,7,AI/ML,1
104,2026-06-30,IBM,USA,Superconducting,7344,0.422,115.2,3293.0,1401.9,7,3,Drug Discovery,1
463,2022-11-30,D-Wave,Canada,Quantum Annealing,21326,3.097,61.4,347.0,674.8,7,0,AI/ML,0
310,2019-05-31,Rigetti,USA,Superconducting,35,2.511,15.6,6.0,231.0,2,0,General Research,0
495,2025-05-31, D-Wave,Canada,Quantum Annealing,61471,2.288,106.0,1377.0,875.7,5,4,General Research,1
223,2020-01-31,IonQ,USA,Trapped Ion,12,1.382,17.7,6.0,340.6,0,0,Materials Science,0
154,2022-02-28,Google,USA,Superconducting,298,1.053,80.8,114.0,1305.2,5,0,Cryptography,0
181,2024-07-31,Google,USA,Superconducting,1836,0.668,84.1,680.0,2048.9,6,5,General Research,1
640,2020-01-31,Xanadu,canada  ,Photonic,5,5.26,5.3,2.0,202.9,1,1,Logistics,0
183,2024-09-30,Google,USA,Superconducting,1597,0.616,103.2,625.0,1633.1,4,8,Materials Science,1
872,2022-11-30,QuEra,USA,Neutral Atom,27,2.173,,5.0,213.8,1,0,AI/ML,0
332,2021-04-30,Rigetti,USA,Superconducting,109,1.655,43.6,15.0,348.8,2,2,AI/ML,1
464,2022-12-31,D-Wave,Canada,Quantum Annealing,27084,3.013,76.0,429.0,591.3,3,0,Finance,1
142,2021-01-31,Google,USA,Superconducting,161,1.531,54.7,55.0,1183.8,6,3,Materials Science,0
650,2020-12-31,Xanadu,Canada,Photonic,9,4.199,12.5,2.0,233.8,1,1,Finance,0
767,2023-11-30,Origin Quantum,China,Superconducting,199,1.114,43.6,21.0,360.9,3,1,Cryptography,0
537,2023-03-31,Quantinuum,UK,Trapped Ion,34,0.866,30.4,14.0,870.9,2,0,AI/ML,1
759,2023-03-31,Origin Quantum,China,Superconducting,131,1.223,31.7,16.0,330.0,3,0,Drug Discovery,1
699,2024-08-31,Xanadu,Canada,Photonic,205,1.841,42.3,14.0,363.2,4,3,AI/ML,0
317,2020-02-29,Rigetti,USA,Superconducting,60,2.242,26.3,9.0,278.0,2,2,AI/ML,0
416,2019-04-30,D-Wave,Canada,Quantum Annealing,3975,4.379,42.4,52.0,447.8,2,1,AI/ML,0
211,2026-06-30,Google,USA,SUPERCONDUCTING,4903,0.442,144.2,1907.0,2314.9,5,4,Materials Science,1
516,2021-01-31,Quantinuum,uk  ,Trapped Ion,12,1.624,14.7,6.0,769.8,0,0,Cryptography,1
143,2021-01-31,Google,usa  ,Superconducting,178,1.323,65.3,65.0,1523.5,4,3,Logistics,1
3,2017-04-30,IBM,USA,Superconducting,25,3.105,13.3,8.0,552.5,0,0,Logistics,1
363,2023-10-31,Rigetti,USA,Superconducting,500,0.839,66.6,54.0,420.8,3,4,Cryptography,1
5,2017-06-30, IBM,USA,SUPERCONDUCTING,23,3.569,17.3,7.0,633.6,3,0,Materials Science,0
45,2021-01-31,IBM,USA,Superconducting,264,1.33,49.0,99.0,883.3,6,0,Cryptography,1
940,2022-09-30,Intel,USA,Silicon Spin,12,2.252,23.8,3.0,539.8,2,1,General Research,1
282,2025-04-30,IonQ,USA,Trapped Ion,175,0.382,69.8,53.0,613.3,4,3,Materials Science,1
672,2022-09-30,Xanadu,Canada,Photonic,34,2.717,23.1,5.0,303.3,1,1,Drug Discovery,1
203,2025-12-31,Google,USA,Superconducting,4054,0.464,90.3,1584.0,1734.8,5,1,Finance,1
303,2018-07-31,Rigetti,USA,Superconducting,22,44.025,14.7,5.0,258.4,2,0,General Research,0
556,2025-03-31,Quantinuum,UK,Trapped Ion,97,0.543,57.6,35.0,1297.9,5,2,Finance,1
366,2024-01-31,Rigetti,USA,Superconducting,731,0.811,70.3,70.0,390.3,4,0,General Research,1
359,2023-07-31,Rigetti,USA,Superconducting,456,0.855,55.6,50.0,389.5,6,0,Cryptography,0
543,2024-01-31,Quantinuum,UK,Trapped Ion,45,0.652,57.4,19.0,970.1,0,0,Finance,1
513,2020-11-30,Quantinuum,UK,Trapped Ion,11,1.803,12.1,5.0,717.2,3,0,General Research,0
372,2024-08-31,Rigetti,USA,Superconducting,1092,0.71,75.0,95.0,408.3,4,1,Drug Discovery,1
684,2023-08-31,Xanadu,Canada,PHOTONIC,87,2.531,39.0,7.0,396.5,2,0,Cryptography,0
582,2021-11-30,PsiQuantum,USA,Photonic,7,4.074,10.6,2.0,826.8,1,0,Drug Discovery,0
379,2025-04-30,Rigetti,USA,Superconducting,1537,0.517,71.0,,448.6,6,3,Cryptography,1
232,2021-01-31,IonQ,USA,Trapped Ion,21,1.155,36.9,9.0,,5,0,Materials Science,0
238,2021-05-31,IonQ,USA,Trapped Ion,27,0.921,30.3,11.0,336.3,4,2,Logistics,0
933,2021-12-31, Intel,USA,Silicon Spin,9,2.747,15.9,2.0,643.9,4,2,Logistics,0
172,2023-08-31,Google,USA,Superconducting,951,0.711,72.0,374.0,1534.2,2,4,Cryptography,1
274,2024-08-31,IonQ,USA,Trapped Ion,147,0.461,63.6,45.0,433.6,4,4,Cryptography,1
674,2022-10-31,Xanadu,Canada,PHOTONIC,39,2.523,24.1,5.0,391.2,4,0,Drug Discovery,0
548,2024-07-31,Quantinuum,UK,Trapped Ion,56,0.655,59.8,22.0,1041.7,4,2,Logistics,1
909,2025-11-30,QuEra,USA,Neutral Atom,234,1.105,49.2,18.0,276.0,3,1,General Research,0
195,2025-06-30,Google,USA,Superconducting,2490,0.502,87.2,1000.0,2061.0,10,4,General Research,1
711,2025-11-30,Xanadu,Canada,Photonic,552,1.814,62.2,22.0,533.5,4,1,Cryptography,0
103,2026-04-30,IBM,USA,Superconducting,7091,0.354,156.7,3378.0,1505.1,10,4,AI/ML,1
764,2023-08-31,Origin Quantum,China,Superconducting,191,1.136,41.1,21.0,336.1,3,1,Materials Science,0
503,2026-01-31, D-Wave,Canada,Quantum Annealing,102582,2.126,132.7,2259.0,775.2,11,5,Cryptography,1
210,2026-04-30,Google,USA,Superconducting,5386,0.386,128.1,2168.0,2134.8,8,1,,0
922,2021-01-31,Intel,USA,Silicon Spin,6,3.27,13.9,2.0,468.6,3,0,Cryptography,0
661,2021-11-30,Xanadu,Canada,Photonic,24,3.615,17.4,3.0,284.3,3,1,Drug Discovery,0
163,2022-11-30,Google,USA,Superconducting,569,0.97,67.5,206.0,1467.7,1,4,Finance,1
671,2022-08-31,Xanadu,Canada,Photonic,44,45.93,26.2,5.0,280.1,3,0,Logistics,0
492,2025-01-31,D-Wave,Canada,Quantum Annealing,57221,2.324,100.5,1271.0,812.8,9,3,Logistics,0
660,2021-10-31,Xanadu,Canada,Photonic,20,,18.6,3.0,329.8,2,1,Materials Science,0
88,2024-08-31,IBM,USA,Superconducting,2786,0.483,91.3,1302.0,1008.3,6,2,Finance,0
733,2020-08-31,Origin Quantum,China,Superconducting,25,2.757,13.7,5.0,202.3,3,0,Drug Discovery,0
598,2023-02-28,PsiQuantum,USA,Photonic,27,3.293,19.4,3.0,901.2,0,0,General Research,0
663,2021-12-31,Xanadu,Canada,Photonic,21,3.11,22.5,4.0,351.3,1,1,Logistics,0
398,2017-10-31,D-Wave,Canada,Quantum Annealing,2227,5.537,,19.0,392.3,4,0,General Research,0
527,2022-03-31,Quantinuum,UK,Trapped Ion,23,1.12,25.4,10.0,910.4,3,2,Cryptography,0
191,2025-03-31,Google,USA,Superconducting,2707,0.578,123.6,1018.0,2283.2,3,4,AI/ML,1
179,2024-03-31,Google,USA,Superconducting,1481,0.732,109.0,540.0,1517.6,10,3,Logistics,1
393,2017-03-31,D-Wave,Canada,Quantum Annealing,2134,6.166,9.8,12.0,276.3,3,0,AI/ML,0
980,2026-01-31,Intel,USA,Silicon Spin,84,1.431,54.0,7.0,843.6,3,2,Drug Discovery,1
554,2025-01-31,Quantinuum,UK,Trapped Ion,69,0.61,70.6,26.0,1259.3,5,4,Cryptography,0
902,2025-04-30,QuEra,USA,Neutral Atom,190,1.185,43.4,16.0,286.3,2,1,Materials Science,0
686,2023-11-30,Xanadu,Canada,Photonic,91,2.02,45.6,9.0,404.7,3,4,Materials Science,0
512,2020-10-31,Quantinuum,UK,Trapped Ion,10,1.711,11.9,5.0,749.3,6,2,General Research,0
685,2023-08-31,Xanadu,Canada,Photonic,75,2.147,38.5,8.0,308.4,4,0,Materials Science,0
440,2021-05-31,D-Wave,Canada,Quantum Annealing,11860,2.901,71.1,287.0,495.6,4,2,General Research,1
472,2023-09-30,D-Wave,Canada,Quantum Annealing,36757,2.473,92.1,833.0,723.7,4,2,Materials Science,1
399,2017-11-30,D-Wave,Canada,Quantum Annealing,2117,4.902,18.3,28.0,399.3,3,2,Drug Discovery,0
579,2021-06-30,PsiQuantum,USA,Photonic,5,4.664,9.6,2.0,662.2,3,0,Logistics,0
582,2021-11-30,PsiQuantum,USA,Photonic,7,4.074,10.6,2.0,826.8,1,0,Drug Discovery,0
943,2022-11-30,Intel,USA,SILICON SPIN,13,2.132,30.0,3.0,669.1,0,2,AI/ML,0
727,2019-11-30,Origin Quantum,China,Superconducting,15,3.423,7.8,3.0,178.5,1,0,Logistics,1
44,2020-12-31,IBM,USA,Superconducting,271,1.155,57.1,111.0,1013.9,7,1,Cryptography,1
262,2023-06-30,IonQ,USA,Trapped Ion,62,0.598,66.6,22.0,423.4,6,2,AI/ML,1
626,2025-02-28,PsiQuantum,USA,Photonic,99,2.209,42.1,7.0,1236.7,0,2,Drug Discovery,0
430,2020-07-31,D-Wave,Canada,Quantum Annealing,7051,3.294,56.5,156.0,557.8,7,0,Cryptography,0
229,2020-07-31,IonQ,USA,Trapped Ion,19,1.25,26.7,8.0,333.8,3,1,Materials Science,1
6,2017-08-31,IBM,USA,Superconducting,26,3.092,14.4,8.0,624.7,2,0,Cryptography,0
966,2024-12-31,Intel,USA,Silicon Spin,51,1.541,31.7,5.0,726.8,0,2,Finance,1
799,2021-01-31,Pasqal,France,Neutral Atom,12,2.729,5.0,3.0,150.6,2,0,Cryptography,0
319,2020-04-30,Rigetti,USA,Superconducting,68,1.91,23.4,11.0,290.5,2,2,General Research,0
877,2023-05-31,QuEra,USA,Neutral Atom,52,2.076,19.2,7.0,250.3,1,1,Logistics,0
313,2019-11-30,Rigetti,USA,Superconducting,40,2.317,26.3,7.0,255.5,2,2,Materials Science,0
76,2023-07-31,IBM,USA,Superconducting,1334,0.658,91.0,594.0,926.7,7,1,General Research,0
174,2023-10-31,Google,USA,Superconducting,1033,0.674,91.3,411.0,1566.6,7,2,Logistics,1
821,2023-03-31, Pasqal,france  ,Neutral Atom,57,1.725,23.4,7.0,193.4,2,0,Materials Science,0
52,2021-06-30,IBM,USA,SUPERCONDUCTING,306,1.191,64.9,120.0,833.4,3,3,General Research,0
776,2024-07-31, Origin Quantum,China,SUPERCONDUCTING,354,0.902,57.3,32.0,362.1,2,1,Materials Science,0
899,2025-01-31,QuEra,USA,Neutral Atom,125,,35.0,12.0,263.5,4,1,AI/ML,0
221,2019-12-31,IonQ,USA,Trapped Ion,12,1.461,14.0,5.0,327.8,0,2,Finance,0
509,2020-08-31,Quantinuum,UK,Trapped Ion,10,1.63,10.3,5.0,695.9,1,4,Cryptography,0
569,2026-04-30,Quantinuum,UK,Trapped Ion,160,0.413,77.9,54.0,1040.1,8,3,Logistics,1
388,2026-02-28,Rigetti,USA,Superconducting,2145,0.496,92.7,165.0,587.8,6,2,Drug Discovery,1
94,2025-02-28,IBM,USA,Superconducting,3310,0.481,92.7,1524.0,1461.9,4,4,Logistics,1
149,2021-07-31,Google,USA,Superconducting,274,1.194,59.1,99.0,1278.5,7,1,AI/ML,0
483,2024-05-31,D-Wave,Canada,Quantum Annealing,50629,2.667,98.7,856.0,813.2,4,6,AI/ML,0
832,2024-02-29,Pasqal,France,NEUTRAL ATOM,121,1.546,27.2,11.0,,3,0,Cryptography,0
250,2022-02-28,IonQ,USA,Trapped Ion,41,0.882,34.5,15.0,382.4,1,3,Cryptography,1
341,2021-12-31,Rigetti,usa  ,Superconducting,145,1.296,53.3,21.0,369.3,2,0,Drug Discovery,0
613,2024-02-29,PsiQuantum,USA,Photonic,60,2.495,23.1,5.0,1305.0,3,1,Materials Science,0
201,2025-11-30,Google,USA,Superconducting,3923,0.453,140.4,1551.0,1717.7,7,2,Drug Discovery,1
92,2025-01-31,IBM,USA,Superconducting,2932,0.451,90.0,1397.0,1418.8,3,2,AI/ML,1
541,2023-11-30,Quantinuum,UK,Trapped Ion,44,0.803,36.7,17.0,1052.5,4,4,Finance,0
443,2021-07-31,D-Wave,Canada,QUANTUM ANNEALING,13122,3.407,70.1,203.0,584.7,6,3,General Research,1
962,2024-05-31,Intel,USA,Silicon Spin,29,1.625,31.1,4.0,785.7,2,1,Finance,0
281,2025-03-31,IonQ,USA,TRAPPED ION,143,0.347,68.8,46.0,520.0,8,0,AI/ML,0
411,2018-09-30,D-Wave,Canada,Quantum Annealing,3489,4.196,30.6,56.0,354.0,2,2,General Research,0
608,2023-09-30,PsiQuantum,USA,Photonic,41,2.6,24.5,5.0,1056.5,2,1,Logistics,0
599,2023-03-31,PsiQuantum,USA,Photonic,25,3.216,24.8,3.0,900.3,1,2,Cryptography,0
906,2025-07-31,QuEra,usa  ,Neutral Atom,204,1.383,32.4,16.0,316.4,3,0,General Research,0
336,2021-08-31,Rigetti,USA,Superconducting,138,1.383,49.6,20.0,353.0,3,0,Cryptography,0
851,2026-02-28,Pasqal,France,Neutral Atom,492,1.14,54.5,24.0,339.9,4,2,AI/ML,0
604,2023-07-31,PsiQuantum,USA,Photonic,37,2.775,20.6,4.0,997.3,0,1,Finance,0
903,2025-04-30,QuEra,USA,Neutral Atom,154,1.255,31.5,14.0,281.6,0,2,Logistics,1
507,2026-05-31,D-Wave,Canada,Quantum Annealing,114586,2.273,119.8,2103.0,881.1,10,3,General Research,0
735,2020-10-31,Origin Quantum,China,Superconducting,33,2.431,16.6,6.0,242.8,1,0,General Research,0
849,2025-12-31,Pasqal,France,Neutral Atom,375,1.026,48.0,22.0,278.8,5,2,Materials Science,0
93,2025-02-28,IBM,usa  ,Superconducting,3045,,96.5,1404.0,1065.9,9,2,Logistics,1
725,2019-10-31,Origin Quantum,China,Superconducting,17,3.468,,3.0,207.5,0,0,Materials Science,0
721,2026-06-30,Xanadu,Canada,Photonic,905,,47.9,32.0,451.0,8,2,General Research,1
842,2025-03-31,Pasqal,France,Neutral Atom,256,1.297,40.4,16.0,255.0,2,2,Cryptography,1
891,2024-07-31,QuEra,USA,Neutral Atom,115,1.707,,11.0,243.7,3,3,General Research,0
576,2021-03-31,PsiQuantum,USA,Photonic,5,5.075,7.9,2.0,810.7,2,0,Materials Science,0
574,2021-02-28,PsiQuantum,USA,Photonic,4,5.625,6.9,2.0,764.0,0,0,AI/ML,0
279,2025-02-28,IonQ,USA,Trapped Ion,180,0.41,84.0,54.0,555.4,4,0,General Research,0
280,2025-02-28,IonQ,USA,Trapped Ion,155,0.379,62.8,49.0,582.6,7,4,Logistics,1
338,2021-09-30, Rigetti,USA,Superconducting,128,1.361,32.4,19.0,329.5,4,2,,0
228,2020-06-30,IonQ,usa  ,Trapped Ion,16,1.294,26.8,7.0,353.6,1,0,Finance,0
9,2017-10-31,IBM,USA,Superconducting,33,2.668,20.5,11.0,589.6,5,0,Logistics,0
86,2024-06-30, IBM,USA,Superconducting,2442,0.634,117.3,1034.0,1029.3,9,4,Materials Science,1
731,2020-05-31, Origin Quantum,China,Superconducting,25,2.637,16.1,5.0,209.1,1,1,Finance,1
698,2024-07-31,Xanadu,Canada,Photonic,186,,44.9,12.0,376.5,1,1,Materials Science,0
121,2018-10-31,Google,USA,Superconducting,40,2.701,29.3,12.0,940.4,4,1,Drug Discovery,0
820,2023-03-31, Pasqal,France,Neutral Atom,52,1.873,22.3,6.0,210.7,2,1,Cryptography,1
97,2025-07-31,IBM,USA,Superconducting,4267,0.413,126.4,2024.0,1170.9,5,3,Cryptography,1
342,2022-01-31,Rigetti,USA,Superconducting,172,1.346,45.8,23.0,395.9,3,0,Logistics,1
122,2018-12-31,Google,USA,Superconducting,41,2.154,28.3,15.0,1038.7,3,3,General Research,0
157,2022-06-30,Google,USA,Superconducting,380,,54.9,149.0,1436.6,3,3,,0
932,2021-11-30,Intel,USA,Silicon Spin,9,3.299,15.5,2.0,566.0,1,1,Cryptography,0
629,2025-04-30,PsiQuantum,USA,Photonic,123,1.952,29.0,8.0,1068.8,6,1,General Research,1
770,2024-01-31,Origin Quantum,China,Superconducting,229,1.151,49.5,23.0,281.3,4,0,Finance,0
471,2023-08-31,D-Wave,Canada,Quantum Annealing,35375,2.489,65.7,802.0,603.3,5,5,AI/ML,1
558,2025-05-31,Quantinuum,UK,Trapped Ion,88,0.455,76.5,33.0,1262.9,5,0,Drug Discovery,0
294,2026-02-28,IonQ,USA,Trapped Ion,287,4.71,82.8,80.0,578.0,4,4,Logistics,1
802,2021-07-31,Pasqal,France,Neutral Atom,19,2.781,,3.0,190.1,1,2,Finance,0
728,2020-02-29,Origin Quantum,China,Superconducting,19,3.28,10.6,4.0,211.1,3,0,General Research,1
165,2022-12-31,Google,USA,Superconducting,685,0.808,84.1,266.0,1467.4,6,6,Finance,1
729,2020-03-31,Origin Quantum,China,Superconducting,19,3.177,11.4,4.0,225.2,3,1,Logistics,0
283,2025-05-31,IonQ,USA,Trapped Ion,209,0.365,69.4,61.0,504.4,4,2,Drug Discovery,1
365,2023-12-31,Rigetti,USA,Superconducting,603,0.765,75.5,63.0,461.2,4,5,Materials Science,0
311,2019-07-31,Rigetti,USA,Superconducting,35,2.461,19.4,7.0,295.9,1,1,Materials Science,0
511,2020-09-30,Quantinuum,UK,Trapped Ion,11,1.771,8.7,5.0,552.3,3,0,Logistics,0
180,2024-05-31,Google,USA,Superconducting,1547,0.604,79.7,612.0,1616.6,5,1,General Research,1
70,2022-12-31,IBM,USA,Superconducting,934,0.786,84.7,398.0,1091.7,14,2,Drug Discovery,0
914,2026-02-28,QuEra,USA,Neutral Atom,363,1.169,33.6,23.0,371.9,3,1,Drug Discovery,0
875,2023-02-28,QuEra,USA,NEUTRAL ATOM,37,1.906,18.5,6.0,212.7,3,2,General Research,0
670,2022-07-31,Xanadu,Canada,Photonic,37,3.016,26.2,5.0,315.9,3,1,Drug Discovery,0
928,2021-05-31,Intel,USA,Silicon Spin,7,3.402,16.9,2.0,552.0,2,0,,0
59,2021-12-31,IBM,USA,Superconducting,457,1.021,78.5,186.0,859.0,4,1,Materials Science,1
864,2022-06-30,QuEra,USA,Neutral Atom,25,2.369,16.2,4.0,212.6,1,1,General Research,0
975,2025-09-30,Intel,USA,Silicon Spin,58,1.277,49.0,6.0,706.0,4,1,Drug Discovery,0
823,2023-07-31, Pasqal,France,Neutral Atom,72,1.754,23.3,8.0,211.5,3,1,Materials Science,0
266,2023-09-30,IonQ,USA,Trapped Ion,71,0.493,59.3,26.0,418.6,1,1,Drug Discovery,1
750,2022-02-28,Origin Quantum,China,Superconducting,78,1.986,24.6,10.0,227.3,4,3,AI/ML,0
884,2024-03-31,QuEra,USA,Neutral Atom,74,,29.4,8.0,227.4,2,1,Materials Science,0
381,2025-07-31,Rigetti,USA,Superconducting,1748,0.501,71.9,143.0,414.3,6,2,Cryptography,0
605,2023-07-31,PsiQuantum,USA,Photonic,36,2.67,27.5,4.0,1085.1,3,0,AI/ML,0
667,2022-03-31,Xanadu,Canada,Photonic,30,2.959,19.8,4.0,334.9,1,0,Logistics,0
747,2021-11-30,Origin Quantum,China,Superconducting,54,1.88,29.9,,,1,0,Drug Discovery,0
712,2026-01-31,Xanadu,Canada,Photonic,615,1.611,66.7,25.0,408.2,3,2,General Research,0
148,2021-06-30,Google,USA,Superconducting,214,1.144,58.7,83.0,1538.7,1,1,General Research,1
252,2022-05-31,IonQ,USA,Trapped Ion,41,0.716,50.2,16.0,479.0,4,2,Logistics,0
788,2025-08-31,Origin Quantum,China,Superconducting,741,0.832,72.1,51.0,425.9,3,1,Drug Discovery,1
848,2025-11-30,Pasqal,France,Neutral Atom,404,0.992,40.5,23.0,313.2,4,1,Drug Discovery,0
213,2019-02-28,IonQ,USA,Trapped Ion,10,1.613,8.9,5.0,226.0,2,0,Logistics,0
441,2021-06-30,D-Wave,Canada,Quantum Annealing,11222,3.571,56.1,163.0,,5,3,Drug Discovery,1
858,2021-09-30,QuEra,USA,Neutral Atom,12,3.216,6.8,3.0,161.3,1,1,Drug Discovery,0
331,2021-04-30,Rigetti,USA,Superconducting,113,1.637,36.9,16.0,348.1,2,2,Finance,0
963,2024-08-31,Intel,USA,Silicon Spin,41,1.757,35.0,5.0,787.1,2,2,Cryptography,0
277,2024-11-30,IonQ,USA,Trapped Ion,144,0.354,64.6,46.0,601.7,6,2,General Research,0
781,2025-03-31,Origin Quantum,China,Superconducting,417,0.787,44.4,37.0,426.7,5,1,Logistics,1
769,2023-12-31,Origin Quantum,China,Superconducting,218,1.04,48.4,23.0,331.2,3,2,Cryptography,0
838,2024-09-30,Pasqal,France,Neutral Atom,178,1.25,31.8,14.0,287.5,2,1,Materials Science,0
676,2022-12-31,Xanadu,Canada,Photonic,55,2.732,26.5,6.0,300.4,6,1,General Research,1
449,2021-12-31,D-Wave,Canada,Quantum Annealing,15180,2.963,55.3,317.0,565.8,6,1,Drug Discovery,1
691,2024-02-29,Xanadu,Canada,Photonic,128,2.367,42.6,9.0,420.6,1,1,AI/ML,0
688,2023-12-31,Xanadu,Canada,Photonic,122,2.136,33.8,10.0,390.9,1,5,Materials Science,1
525,2022-02-28,Quantinuum,UK,Trapped Ion,17,1.124,26.0,8.0,883.8,2,0,Materials Science,0
304,2018-11-30,Rigetti,USA,Superconducting,26,2.545,18.4,,252.7,0,2,Cryptography,0
488,2024-09-30,D-Wave,Canada,Quantum Annealing,62385,2.592,111.9,1046.0,806.8,9,4,Materials Science,1
720,2026-05-31,Xanadu,Canada,Photonic,692,1.462,69.8,29.0,455.1,3,3,Materials Science,0
812,2022-06-30,Pasqal,France,Neutral Atom,37,2.196,16.9,5.0,209.8,3,1,Logistics,0
20,2019-02-28,IBM,USA,Superconducting,84,2.216,42.9,26.0,644.6,0,2,General Research,0
325,2020-09-30,Rigetti,USA,Superconducting,82,1.773,35.2,13.0,322.3,1,3,AI/ML,0
261,2023-06-30,IonQ,USA,Trapped Ion,75,0.519,56.0,26.0,430.5,4,4,General Research,0
827,2023-11-30,Pasqal,France,Neutral Atom,97,1.418,27.2,10.0,202.2,5,0,Finance,0
410,2018-09-30,D-Wave,Canada,Quantum Annealing,3343,4.184,25.3,55.0,453.7,4,0,General Research,0
401,2018-01-31,D-Wave,Canada,Quantum Annealing,2768,5.303,20.9,24.0,392.4,4,1,Logistics,1
979,2025-12-31,Intel,usa  ,SILICON SPIN,76,1.477,36.0,6.0,939.4,1,0,General Research,1
55,2021-09-30, IBM,USA,Superconducting,329,1.136,58.9,132.0,992.2,4,2,General Research,0
947,2023-03-31,Intel,USA,Silicon Spin,19,2.454,23.2,3.0,577.2,0,1,Logistics,0
151,2021-10-31,Google,USA,Superconducting,315,1.031,55.3,121.0,1566.4,2,5,Materials Science,0
679,2023-05-31,Xanadu,Canada,Photonic,71,2.611,36.8,7.0,381.3,3,1,Drug Discovery,1
700,2024-10-31,Xanadu,Canada,Photonic,240,2.047,45.7,14.0,398.6,3,1,AI/ML,1
687,2023-11-30,Xanadu,Canada,Photonic,110,2.16,31.5,9.0,329.4,6,3,Materials Science,1
107,2017-07-31,Google,USA,Superconducting,18,3.543,10.8,6.0,928.1,3,0,Logistics,0
707,2025-07-31,Xanadu,Canada,Photonic,370,1.664,60.0,19.0,434.1,5,2,Logistics,1
25,2019-08-31,IBM,USA,Superconducting,103,1.633,49.3,40.0,833.0,4,0,General Research,0
895,2024-10-31,QuEra,USA,Neutral Atom,117,1.452,,12.0,270.4,3,1,Logistics,0
534,2022-12-31,Quantinuum,UK,Trapped Ion,32,0.901,41.0,13.0,862.2,4,1,AI/ML,1
797,2026-06-30,Origin Quantum,China,Superconducting,1042,0.557,74.5,71.0,461.0,4,1,Logistics,0
83,2023-12-31,IBM,USA,Superconducting,1764,0.677,102.3,751.0,1295.2,2,1,AI/ML,1
822,2023-06-30,Pasqal,France,Neutral Atom,74,1.699,20.4,8.0,189.0,2,1,Cryptography,1
841,2025-02-28,Pasqal,France,Neutral Atom,194,1.175,36.4,15.0,253.4,3,1,AI/ML,0
614,2024-03-31, PsiQuantum,USA,Photonic,51,,24.5,5.0,1233.1,3,2,Materials Science,0
380,2025-05-31,Rigetti,USA,Superconducting,1398,0.538,70.5,121.0,475.3,2,2,Finance,0
77,2023-08-31,IBM,USA,Superconducting,1367,0.687,72.1,595.0,1053.5,2,1,AI/ML,1
389,2026-03-31,Rigetti,usa  ,Superconducting,2334,0.45,95.0,178.0,465.8,5,5,AI/ML,1
407,2018-06-30, D-Wave,Canada,Quantum Annealing,3585,4.618,20.3,42.0,446.8,4,1,Drug Discovery,0
292,2025-12-31,IonQ,USA,Trapped Ion,235,,87.8,70.0,602.9,6,2,Drug Discovery,1
111,2017-10-31,Google,USA,Superconducting,21,2.964,,7.0,954.0,1,1,Materials Science,0
625,2025-01-31,PsiQuantum,USA,Photonic,100,2.309,36.9,7.0,,1,2,Finance,1
942,2022-10-31,Intel,USA,Silicon Spin,13,2.631,21.4,3.0,542.8,4,1,Finance,0
754,2022-08-31, Origin Quantum,China,Superconducting,98,1.6,40.4,12.0,304.0,6,0,Materials Science,0
247,2021-11-30,IonQ,USA,Trapped Ion,38,0.861,44.9,14.0,404.3,5,1,Drug Discovery,0
146,2021-05-31,Google,USA,Superconducting,202,1.21,70.2,77.0,1153.4,3,2,Materials Science,0
129,2019-09-30,Google,USA,Superconducting,82,2.039,39.6,26.0,1043.4,3,0,Materials Science,0
960,2024-04-30,Intel,USA,Silicon Spin,34,1.836,26.0,4.0,840.7,2,2,General Research,0
623,2024-12-31, PsiQuantum,USA,Photonic,113,2.004,40.3,8.0,1165.2,1,0,Cryptography,0
952,2023-07-31,Intel,USA,Silicon Spin,18,2.261,28.4,3.0,591.3,2,0,Finance,0
925,2021-02-28,Intel,USA,Silicon Spin,6,3.936,10.2,2.0,462.3,2,0,General Research,0
487,2024-08-31,D-Wave,Canada,Quantum Annealing,57988,2.307,93.4,,704.4,9,0,Cryptography,1
888,2024-05-31,QuEra,USA,Neutral Atom,87,1.533,26.9,10.0,221.0,1,1,AI/ML,1
91,2024-11-30,IBM,USA,Superconducting,2574,0.537,97.3,1164.0,1290.8,4,1,AI/ML,1
206,2026-02-28,Google,USA,Superconducting,5212,0.454,144.1,1995.0,2399.7,5,2,Cryptography,1
956,2023-10-31,Intel,USA,Silicon Spin,25,1.873,25.0,4.0,604.6,5,0,Finance,1
171,2023-07-31,Google,USA,Superconducting,997,0.688,85.0,395.0,1832.8,6,4,Finance,1
898,2024-12-31,QuEra,USA,Neutral Atom,125,1.346,35.8,12.0,274.3,3,1,Cryptography,0
57,2021-10-31,IBM,USA,Superconducting,352,1.131,70.2,140.0,1078.8,2,2,Logistics,0
405,2018-04-30,D-Wave,Canada,Quantum Annealing,3094,4.374,24.6,47.0,392.9,2,1,General Research,0
242,2021-08-31,IonQ,USA,Trapped Ion,27,0.842,30.7,11.0,345.0,3,0,AI/ML,0
600,2023-03-31,PsiQuantum,USA,PHOTONIC,26,3.006,21.2,4.0,1047.4,4,1,Materials Science,0
347,2022-07-31,Rigetti,USA,Superconducting,229,1.092,55.8,30.0,333.8,2,2,AI/ML,0
98,2025-08-31,IBM,USA,Superconducting,4109,0.47,126.3,1869.0,1363.6,7,3,Materials Science,1
117,2018-05-31,Google,USA,Superconducting,36,2.81,16.7,11.0,995.9,0,2,AI/ML,0
202,2025-11-30,Google,USA,Superconducting,4390,0.522,119.9,1624.0,2347.2,7,5,Finance,1
867,2022-07-31,QuEra,USA,Neutral Atom,23,2.155,11.2,4.0,220.4,3,0,,0
480,2024-03-31,D-Wave,canada  ,Quantum Annealing,45521,2.593,103.0,857.0,621.4,4,1,,0
324,2020-08-31,Rigetti,USA,SUPERCONDUCTING,66,1.804,31.2,11.0,256.3,3,2,Logistics,1
194,2025-05-31,Google,USA,Superconducting,2371,0.53,105.3,938.0,2279.0,2,9,Logistics,0
444,2021-07-31,D-Wave,Canada,Quantum Annealing,12959,3.061,72.5,266.0,466.2,5,1,General Research,1
795,2026-02-28,Origin Quantum,China,Superconducting,848,0.639,58.0,61.0,351.3,1,1,General Research,0
455,2022-06-30,D-Wave,Canada,Quantum Annealing,18332,3.036,58.6,334.0,646.1,8,2,Drug Discovery,0
529,2022-05-31,Quantinuum,UK,Trapped Ion,24,1.029,23.5,10.0,831.0,1,2,General Research,0
785,2025-06-30,Origin Quantum,China,Superconducting,667,0.793,67.6,49.0,444.8,2,3,AI/ML,0
551,2024-11-30,Quantinuum,UK,Trapped Ion,72,0.504,62.6,28.0,935.3,4,2,Finance,1
798,2026-06-30,Origin Quantum,China,Superconducting,1053,0.6,60.8,70.0,386.7,7,3,Materials Science,1
444,2021-07-31,D-Wave,Canada,Quantum Annealing,12959,3.061,72.5,266.0,466.2,5,1,General Research,1
969,2025-04-30,Intel,USA,Silicon Spin,51,1.538,40.6,5.0,714.5,5,1,AI/ML,0
297,2026-06-30,IonQ,USA,Trapped Ion,318,0.271,100.4,,697.8,6,3,Finance,0
873,2022-12-31,QuEra,USA,Neutral Atom,35,2.116,14.1,5.0,230.3,3,1,Drug Discovery,0
602,2023-05-31,PsiQuantum,usa  ,Photonic,32,2.963,28.0,4.0,1146.0,1,2,Logistics,0
981,2026-02-28,Intel,USA,Silicon Spin,90,1.169,43.2,7.0,852.8,2,2,General Research,1
396,2017-09-30, D-Wave,Canada,Quantum Annealing,1961,4.997,17.4,25.0,369.0,0,0,Finance,0
427,2020-05-31,D-Wave,Canada,Quantum Annealing,8151,3.562,57.3,138.0,,3,0,Materials Science,1
800,2021-03-31,Pasqal,France,Neutral Atom,15,2.962,7.0,3.0,181.2,0,0,AI/ML,0
560,2025-07-31,Quantinuum,UK,Trapped Ion,106,0.49,53.8,38.0,1073.4,8,1,Logistics,1
526,2022-03-31,Quantinuum,UK,Trapped Ion,19,1.181,21.8,8.0,882.8,4,1,AI/ML,1
946,2023-02-28,Intel,USA,SILICON SPIN,14,2.372,25.2,3.0,702.1,3,0,Drug Discovery,0
15,2018-09-30,IBM,USA,Superconducting,59,2.332,29.4,19.0,766.4,4,0,Logistics,0
253,2022-06-30,IonQ,USA,Trapped Ion,46,0.65,38.3,18.0,478.5,4,2,AI/ML,0
239,2021-06-30,IonQ,USA,Trapped Ion,32,,35.7,12.0,396.6,4,1,Cryptography,1
121,2018-10-31,Google,USA,Superconducting,40,2.701,29.3,12.0,940.4,4,1,Drug Discovery,0
286,2025-06-30,IonQ,USA,Trapped Ion,192,0.347,67.7,58.0,549.1,3,2,Finance,1
555,2025-02-28, Quantinuum,uk  ,Trapped Ion,80,0.477,47.7,31.0,1183.3,1,1,Cryptography,1
197,2025-08-31,Google,USA,Superconducting,3054,0.462,91.3,1234.0,1845.7,4,2,General Research,1
346,2022-06-30,Rigetti,USA,Superconducting,274,1.201,39.7,32.0,403.0,3,0,Finance,0
546,2024-05-31,Quantinuum,UK,Trapped Ion,59,0.71,39.9,22.0,998.7,3,1,Drug Discovery,1
251,2022-04-30,IonQ,USA,Trapped Ion,48,0.769,52.9,17.0,352.7,1,1,General Research,1
646,2020-07-31,Xanadu,canada  ,Photonic,8,4.904,11.6,2.0,225.9,1,0,Drug Discovery,0
809,2022-03-31,Pasqal,France,NEUTRAL ATOM,27,2.327,12.8,4.0,183.7,1,0,Cryptography,0
413,2018-11-30,D-Wave,Canada,Quantum Annealing,3812,4.289,33.4,55.0,350.3,1,0,General Research,1
486,2024-08-31,D-Wave,Canada,Quantum Annealing,52533,2.403,79.4,1117.0,786.0,3,1,Drug Discovery,1
431,2020-08-31,D-Wave,Canada,Quantum Annealing,7746,3.53,50.5,138.0,559.5,5,0,Logistics,1
773,2024-04-30,Origin Quantum,China,SUPERCONDUCTING,306,1.133,52.9,27.0,360.4,6,2,Cryptography,0
748,2021-12-31,Origin Quantum,China,Superconducting,63,1.906,34.2,9.0,299.4,2,1,Cryptography,1
291,2025-12-31,IonQ,USA,Trapped Ion,233,0.324,68.3,68.0,660.8,10,3,Cryptography,0
17,2018-10-31,IBM,USA,Superconducting,50,2.316,27.3,17.0,775.3,2,4,General Research,1
159,2022-08-31,Google,USA,Superconducting,495,0.875,84.2,194.0,1643.2,7,0,Logistics,1
244,2021-09-30,IonQ,USA,Trapped Ion,33,0.894,33.9,13.0,375.4,4,0,General Research,0
67,2022-08-31,IBM,USA,Superconducting,763,0.871,96.9,316.0,1199.2,5,0,Drug Discovery,1
904,2025-06-30,QuEra,USA,Neutral Atom,196,1.375,30.9,15.0,254.9,1,4,General Research,0
360,2023-08-31,Rigetti,USA,Superconducting,488,0.838,64.7,53.0,385.1,4,2,Finance,0
931,2021-10-31,Intel,USA,Silicon Spin,9,2.781,17.6,2.0,587.8,4,0,Drug Discovery,0
632,2025-08-31,PsiQuantum,USA,Photonic,159,1.8,48.0,10.0,1292.1,4,1,Cryptography,0
505,2026-02-28,D-Wave,Canada,Quantum Annealing,102159,2.332,120.3,1841.0,860.0,6,5,Cryptography,1
473,2023-10-31,D-Wave,Canada,Quantum Annealing,36333,2.439,84.7,853.0,790.0,5,3,AI/ML,0
941,2022-09-30,Intel,USA,Silicon Spin,11,2.612,28.5,2.0,669.9,2,1,Drug Discovery,0
578,2021-04-30,PsiQuantum,USA,Photonic,5,4.525,6.5,2.0,638.4,3,1,Logistics,0
958,2024-02-29,Intel,USA,Silicon Spin,25,1.856,30.6,4.0,704.3,3,1,General Research,0
522,2021-07-31,Quantinuum,UK,Trapped Ion,14,,18.0,6.0,661.8,1,1,Cryptography,0
854,2026-05-31,Pasqal,France,Neutral Atom,458,0.901,37.7,25.0,352.4,5,2,General Research,0
531,2022-09-30,Quantinuum,UK,Trapped Ion,27,0.977,25.8,11.0,878.2,2,1,Finance,0
409,2018-08-31,D-Wave,Canada,Quantum Annealing,3501,4.588,30.4,43.0,384.4,5,0,General Research,1
666,2022-03-31,Xanadu,Canada,Photonic,29,3.376,19.3,4.0,286.8,3,2,Logistics,0
852,2026-03-31,Pasqal,France,Neutral Atom,462,1.139,39.7,23.0,252.7,4,5,Materials Science,1
433,2020-09-30,D-Wave,Canada,Quantum Annealing,9601,3.824,41.6,123.0,595.9,0,2,Cryptography,0
432,2020-09-30,D-Wave,Canada,Quantum Annealing,8359,3.413,44.1,157.0,585.8,6,2,Materials Science,0
485,2024-07-31,D-Wave,Canada,Quantum Annealing,48252,2.462,85.0,1002.0,665.5,4,3,General Research,1
152,2022-01-31,Google,USA,Superconducting,370,1.15,54.7,130.0,1359.6,5,2,General Research,1
328,2020-12-31,Rigetti,USA,Superconducting,103,1.821,42.7,14.0,352.0,0,2,Materials Science,0
257,2022-11-30,IonQ,USA,Trapped Ion,63,0.667,56.9,22.0,422.7,4,1,Drug Discovery,0
312,2019-09-30,Rigetti,USA,Superconducting,40,2.171,23.5,8.0,233.1,2,0,Cryptography,0
784,2025-05-31,Origin Quantum,China,Superconducting,554,0.752,,45.0,435.0,2,1,Materials Science,1
305,2019-01-31,Rigetti,USA,Superconducting,28,2.46,18.2,6.0,205.9,2,1,Drug Discovery,1
414,2019-02-28,D-Wave,canada  ,Quantum Annealing,4772,,35.2,41.0,357.9,6,1,Drug Discovery,0
134,2020-02-29,Google,USA,Superconducting,95,1.974,46.3,30.0,1245.6,3,0,General Research,1
32,2020-01-31,IBM,USA,Superconducting,152,1.443,49.5,59.0,915.7,6,3,Logistics,1
766,2023-11-30,Origin Quantum,China,Superconducting,224,1.172,54.4,22.0,274.7,3,2,Finance,0
459,2022-09-30,D-Wave,Canada,Quantum Annealing,18878,2.744,66.0,434.0,632.8,10,1,Drug Discovery,0
162,2022-11-30,Google,USA,Superconducting,504,0.916,86.3,192.0,1606.6,0,3,Drug Discovery,1
340,2021-12-31,Rigetti,USA,Superconducting,164,1.187,50.8,23.0,315.8,4,2,Cryptography,0
287,2025-07-31,IonQ,USA,TRAPPED ION,194,0.322,86.5,59.0,565.1,6,4,Materials Science,1
249,2022-02-28,IonQ,USA,Trapped Ion,35,0.748,33.9,14.0,455.3,6,4,AI/ML,1
919,2020-05-31,Intel,USA,Silicon Spin,3,4.315,6.0,2.0,479.1,2,1,Logistics,0
580,2021-08-31,PsiQuantum,USA,PHOTONIC,6,4.605,12.4,2.0,747.1,2,0,General Research,1
816,2022-09-30,Pasqal,France,Neutral Atom,37,2.153,21.2,5.0,212.9,1,1,AI/ML,0
916,2026-05-31,QuEra,USA,Neutral Atom,411,1.039,48.8,25.0,370.3,4,2,AI/ML,0
2,2017-01-31,IBM,USA,Superconducting,22,3.151,12.3,7.0,533.1,0,0,General Research,0
737,2021-03-31,Origin Quantum,china  ,Superconducting,37,2.319,16.9,6.0,255.9,1,1,Drug Discovery,0
208,2026-03-31,Google,USA,Superconducting,5417,0.454,138.5,2064.0,2330.4,7,1,General Research,1
630,2025-05-31,PsiQuantum,USA,Photonic,158,2.157,46.7,9.0,1099.3,3,0,General Research,0
912,2025-12-31,QuEra,usa  ,Neutral Atom,307,1.292,38.9,20.0,278.6,4,0,Finance,0
830,2023-12-31,Pasqal,France,Neutral Atom,92,1.448,27.0,9.0,204.8,1,3,Logistics,0
839,2024-11-30,Pasqal,France,Neutral Atom,179,1.424,33.6,13.0,298.2,2,1,Logistics,0
265,2023-09-30, IonQ,USA,TRAPPED ION,71,0.583,63.6,25.0,492.7,4,0,Cryptography,0
275,2024-09-30,IonQ,usa  ,Trapped Ion,147,0.426,83.3,46.0,574.2,10,3,General Research,1
71,2023-01-31,IBM,USA,Superconducting,1002,0.678,88.9,455.0,1159.4,3,1,AI/ML,0
641,2020-02-29,Xanadu,canada  ,Photonic,6,5.622,5.3,,224.0,0,1,General Research,1
445,2021-09-30,D-Wave,Canada,Quantum Annealing,12262,2.831,68.7,310.0,634.3,1,0,General Research,1
826,2023-10-31,Pasqal,France,Neutral Atom,80,1.814,30.2,8.0,255.9,0,0,Drug Discovery,1
99,2025-10-31,IBM,USA,Superconducting,4307,0.41,136.8,2046.0,1156.2,5,2,General Research,0
845,2025-08-31, Pasqal,France,Neutral Atom,342,1.004,44.9,21.0,262.8,2,1,General Research,1
22,2019-06-30,IBM,USA,Superconducting,77,2.065,39.7,26.0,670.1,2,3,Finance,0
706,2025-06-30,Xanadu,Canada,Photonic,310,1.678,52.6,18.0,387.5,4,2,Logistics,1
415,2019-03-31,D-Wave,Canada,Quantum Annealing,4544,4.117,35.9,67.0,373.3,2,3,General Research,0
518,2021-03-31,Quantinuum,UK,Trapped Ion,-11,1.536,15.3,5.0,777.4,2,0,AI/ML,0
150,2021-08-31,Google,USA,Superconducting,239,1.16,62.6,90.0,1238.1,7,0,Drug Discovery,0
648,2020-10-31,Xanadu,Canada,Photonic,7,3.824,15.0,2.0,224.7,1,2,General Research,0
355,2023-03-31,Rigetti,usa  ,Superconducting,366,0.848,59.4,44.0,344.5,7,2,Finance,0
929,2021-06-30,Intel,USA,Silicon Spin,6,3.195,18.2,2.0,463.2,3,1,Finance,0
53,2021-07-31,IBM,USA,Superconducting,346,1.2,68.6,133.0,827.7,5,3,Drug Discovery,0
199,2025-10-31,Google,USA,Superconducting,3961,0.521,102.9,1485.0,2064.2,12,2,Materials Science,0
123,2019-01-31,Google,USA,Superconducting,45,2.577,33.7,14.0,1050.4,1,3,General Research,0
204,2025-12-31,Google,USA,Superconducting,3612,0.45,131.5,1445.0,1986.3,7,1,Finance,0
68,2022-08-31,IBM,USA,Superconducting,740,0.819,64.2,318.0,1192.2,8,3,Finance,0
224,2020-02-29,IonQ,USA,Trapped Ion,16,1.385,17.3,7.0,275.7,4,0,AI/ML,1
128,2019-07-31,Google,usa  ,Superconducting,70,1.989,31.5,24.0,1207.8,3,1,Cryptography,1
656,2021-07-31,Xanadu,Canada,Photonic,16,3.805,16.3,3.0,329.6,1,0,Logistics,0
140,2020-10-31,Google,USA,Superconducting,173,1.522,41.6,58.0,1121.9,4,0,Materials Science,0
418,2019-07-31,D-Wave,canada  ,Quantum Annealing,5170,3.689,30.8,98.0,464.1,3,1,Cryptography,0
219,2019-08-31,IonQ,USA,Trapped Ion,11,1.44,12.4,5.0,275.2,2,0,AI/ML,1
547,2024-06-30,Quantinuum,UK,Trapped Ion,63,0.574,52.0,25.0,927.6,8,4,Cryptography,0
158,2022-06-30,Google,USA,Superconducting,449,0.946,61.3,171.0,1362.2,8,4,General Research,0
95,2025-03-31,IBM,USA,Superconducting,3359,0.438,138.0,1597.0,1289.1,10,6,Drug Discovery,1
256,2022-08-31,IonQ,USA,Trapped Ion,43,0.665,38.1,17.0,368.1,1,1,Cryptography,1
964,2024-11-30,Intel,USA,Silicon Spin,42,1.586,39.1,5.0,703.1,3,1,Cryptography,1
644,2020-05-31,Xanadu,Canada,Photonic,6,4.373,10.2,2.0,236.9,3,1,Cryptography,0
739,2021-04-30,Origin Quantum,China,Superconducting,44,1.977,,7.0,210.4,1,1,Logistics,1
40,2020-07-31,IBM,USA,Superconducting,172,1.418,59.6,66.0,,4,2,General Research,1
131,2019-11-30,Google,USA,Superconducting,96,1.964,43.4,30.0,1166.9,1,1,Logistics,1
982,2026-03-31,Intel,USA,Silicon Spin,88,1.364,48.6,7.0,849.9,3,1,Cryptography,1
190,2025-01-31,Google,USA,Superconducting,2453,0.59,86.3,926.0,1740.9,10,3,AI/ML,0
938,2022-07-31,Intel,usa  ,Silicon Spin,11,2.521,25.2,2.0,602.4,2,2,Drug Discovery,0
590,2022-06-30,PsiQuantum,USA,Photonic,16,3.711,16.2,3.0,924.5,2,1,AI/ML,0
403,2018-02-28,D-Wave,Canada,Quantum Annealing,3154,4.955,23.5,32.0,419.9,4,2,Finance,0
761,2023-06-30,Origin Quantum,China,Superconducting,159,1.149,32.2,18.0,272.9,5,3,General Research,1
39,2020-06-30,IBM,USA,Superconducting,165,1.517,45.4,61.0,883.2,7,0,Materials Science,1
243,2021-08-31,IonQ,USA,TRAPPED ION,26,,37.8,11.0,423.1,3,2,General Research,1
354,2023-02-28,Rigetti,USA,Superconducting,304,1.049,55.7,36.0,360.8,7,2,General Research,0
621,2024-09-30,PsiQuantum,USA,Photonic,73,2.509,34.5,6.0,1373.9,1,0,AI/ML,0
651,2021-01-31,Xanadu,Canada,Photonic,11,4.277,12.2,2.0,308.3,1,0,General Research,0
535,2023-01-31,Quantinuum,UK,Trapped Ion,26,1.036,27.8,11.0,922.6,2,2,Drug Discovery,1
504,2026-02-28,D-Wave,Canada,QUANTUM ANNEALING,110845,2.53,114.4,1596.0,723.6,8,5,Drug Discovery,0
160,2022-08-31,Google,USA,Superconducting,440,0.851,70.4,178.0,1464.1,11,3,Logistics,1
395,2017-07-31,D-Wave,Canada,Quantum Annealing,2277,6.167,13.6,12.0,349.1,0,2,Materials Science,0
538,2023-06-30,Quantinuum,UK,TRAPPED ION,31,0.8,34.5,13.0,985.0,4,3,AI/ML,0
696,2024-06-30,Xanadu,Canada,Photonic,152,1.912,34.7,11.0,453.0,4,3,Cryptography,0
241,2021-07-31,IonQ,USA,Trapped Ion,26,0.965,43.6,11.0,365.4,3,2,General Research,1
14,2018-09-30, IBM,usa  ,Superconducting,57,2.303,27.4,19.0,573.7,8,0,AI/ML,1
658,2021-08-31,Xanadu,Canada,Photonic,19,3.902,18.3,3.0,242.0,1,1,AI/ML,0
476,2024-01-31,D-Wave,Canada,Quantum Annealing,39349,2.42,67.9,913.0,633.6,5,4,General Research,1
892,2024-09-30,QuEra,USA,Neutral Atom,122,1.391,30.9,12.0,306.8,1,0,AI/ML,0
885,2024-03-31,QuEra,USA,Neutral Atom,92,1.741,34.4,9.0,244.5,4,1,Materials Science,0
315,2020-01-31,Rigetti,USA,Superconducting,45,2.17,32.2,8.0,318.0,1,2,Logistics,0
362,2023-09-30,Rigetti,USA,Superconducting,534,0.825,73.5,56.0,438.6,2,1,Logistics,0
591,2022-07-31,PsiQuantum,USA,Photonic,16,3.521,15.5,3.0,895.1,1,1,Finance,0
321,2020-05-31,Rigetti,USA,Superconducting,67,2.073,23.1,10.0,315.7,3,0,Finance,0
901,2025-03-31,QuEra,USA,Neutral Atom,166,1.281,,15.0,246.1,5,0,Cryptography,0
134,2020-02-29,Google,USA,Superconducting,95,1.974,46.3,30.0,1245.6,3,0,General Research,1
673,2022-09-30,Xanadu,Canada,Photonic,37,3.001,24.9,5.0,369.4,1,1,Drug Discovery,0
565,2026-01-31,Quantinuum,UK,Trapped Ion,116,0.389,64.3,42.0,1324.9,8,1,Drug Discovery,0
356,2023-04-30,Rigetti,USA,Superconducting,443,0.969,45.6,47.0,393.8,1,3,AI/ML,1
35,2020-03-31,IBM,USA,SUPERCONDUCTING,140,1.667,52.1,50.0,684.7,0,0,Logistics,1
335,2021-08-31,Rigetti,USA,Superconducting,137,1.383,35.3,19.0,351.8,7,1,AI/ML,0
689,2023-12-31,Xanadu,Canada,Photonic,109,2.431,30.7,8.0,352.7,3,2,General Research,1
377,2025-02-28,Rigetti,USA,Superconducting,1424,0.607,87.9,118.0,429.4,6,2,Drug Discovery,1
185,2024-10-31,Google,USA,Superconducting,1863,0.642,87.1,702.0,2028.6,8,3,Cryptography,1
824,2023-08-31,Pasqal,France,Neutral Atom,86,1.519,30.7,9.0,223.7,3,2,Finance,0
424,2020-03-31,D-Wave,Canada,Quantum Annealing,6068,4.082,51.0,80.0,474.6,7,1,Finance,1
326,2020-10-31,Rigetti,USA,Superconducting,75,,39.3,13.0,282.9,3,0,Drug Discovery,0
188,2024-12-31,Google,USA,Superconducting,2304,0.521,87.6,921.0,,11,1,Logistics,1
285,2025-06-30,IonQ,USA,Trapped Ion,210,0.308,61.5,63.0,626.4,5,1,Materials Science,1
392,2017-02-28,D-Wave,Canada,Quantum Annealing,1914,6.752,11.2,8.0,284.7,1,2,Cryptography,0
951,2023-06-30,Intel,USA,Silicon Spin,17,2.112,28.6,3.0,763.7,2,0,Cryptography,0
166,2023-01-31,Google,USA,Superconducting,657,0.838,70.9,252.0,1843.3,2,5,Materials Science,1
348,2022-08-31,Rigetti,USA,Superconducting,292,1.062,43.0,35.0,346.2,2,2,Materials Science,1
299,2018-01-31,Rigetti,USA,Superconducting,15,3.494,6.5,3.0,194.3,5,2,AI/ML,0
536,2023-01-31,Quantinuum,UK,Trapped Ion,29,15.21,39.0,12.0,843.6,1,4,AI/ML,0
230,2020-07-31,IonQ,USA,Trapped Ion,19,1.134,20.1,8.0,347.8,2,0,Drug Discovery,1
860,2022-02-28, QuEra,USA,Neutral Atom,20,2.501,,4.0,181.0,2,0,Drug Discovery,1
828,2023-11-30,Pasqal,France,Neutral Atom,76,1.743,22.5,8.0,204.3,1,2,Finance,1
695,2024-05-31,Xanadu,Canada,Photonic,153,2.28,45.6,10.0,423.6,2,1,Materials Science,1
856,2026-06-30,Pasqal,France,Neutral Atom,631,0.978,51.7,29.0,273.5,2,2,General Research,0
42,2020-10-31,IBM,USA,Superconducting,199,1.207,68.6,83.0,885.9,6,0,Drug Discovery,1
869,2022-08-31,QuEra,USA,Neutral Atom,30,2.252,,5.0,173.3,1,1,Logistics,0
749,2022-01-31,Origin Quantum,China,Superconducting,65,1.653,34.4,10.0,253.3,1,0,Finance,0
918,2020-04-30,Intel,usa  ,Silicon Spin,3,,6.1,2.0,413.9,0,1,Finance,0
863,2022-04-30,QuEra,USA,Neutral Atom,23,2.771,13.0,4.0,190.2,2,1,Materials Science,0
588,2022-05-31,PsiQuantum,USA,Photonic,12,3.69,17.8,2.0,1033.7,1,1,AI/ML,0
544,2024-02-29,Quantinuum,UK,Trapped Ion,55,0.697,39.6,21.0,1094.2,4,0,Materials Science,0
447,2021-11-30,D-Wave,Canada,Quantum Annealing,17096,3.335,63.3,250.0,557.6,5,0,Cryptography,0
448,2021-12-31,D-Wave,Canada,Quantum Annealing,17158,2.904,65.0,358.0,564.0,2,0,Logistics,1
350,2022-09-30,Rigetti,USA,Superconducting,251,1.157,43.8,31.0,353.2,6,1,Cryptography,1
46,2021-02-28,IBM,USA,Superconducting,258,1.197,57.6,104.0,1019.6,5,2,AI/ML,0
957,2024-01-31, Intel,USA,Silicon Spin,27,1.831,36.6,4.0,594.3,3,1,Materials Science,1
109,2017-08-31,Google,USA,Superconducting,20,3.145,8.5,7.0,785.2,4,0,Logistics,1
618,2024-07-31,PsiQuantum,USA,Photonic,68,2.32,28.0,6.0,1071.5,3,0,Drug Discovery,0
662,2021-11-30,Xanadu,Canada,Photonic,20,3.234,16.5,3.0,310.0,3,1,Drug Discovery,0
30,2019-12-31,IBM,USA,Superconducting,136,1.826,58.1,45.0,849.2,3,1,Logistics,1
182,2024-08-31,Google,USA,Superconducting,1824,0.56,107.4,729.0,1693.3,1,3,Finance,1
622,2024-09-30,PsiQuantum,USA,Photonic,92,2.314,36.4,7.0,1394.1,3,1,,0
420,2019-11-30,D-Wave,canada  ,Quantum Annealing,6522,4.049,41.3,85.0,508.4,4,1,AI/ML,1
635,2025-11-30,PsiQuantum,USA,PHOTONIC,208,2.027,33.7,10.0,1464.9,4,1,General Research,1
961,2024-04-30,Intel,USA,Silicon Spin,30,1.651,41.3,4.0,834.1,2,4,AI/ML,0
105,2026-06-30,IBM,USA,Superconducting,7081,0.387,151.3,3281.0,1491.0,10,3,Finance,0
61,2022-02-28,IBM,USA,Superconducting,509,0.948,59.8,213.0,839.9,0,0,Materials Science,1
659,2021-09-30,Xanadu,Canada,Photonic,16,3.542,18.0,3.0,282.4,3,0,Logistics,0
84,2024-04-30,IBM,USA,Superconducting,1896,0.584,111.6,855.0,986.6,6,0,Logistics,0
491,2024-12-31,D-Wave,Canada,Quantum Annealing,56534,2.541,100.5,1030.0,624.6,2,2,Cryptography,1
316,2020-02-29,Rigetti,USA,Superconducting,50,1.996,32.5,9.0,266.3,4,1,Finance,1
451,2022-02-28,D-Wave,Canada,QUANTUM ANNEALING,18319,2.994,52.5,346.0,550.6,6,3,General Research,1
382,2025-08-31,Rigetti,USA,Superconducting,2010,0.538,88.0,154.0,567.6,4,2,Materials Science,0
423,2020-02-29,D-Wave,Canada,Quantum Annealing,5992,3.575,47.6,,505.2,2,0,Materials Science,0
497,2025-07-31,D-Wave,Canada,Quantum Annealing,72756,2.246,107.1,1601.0,686.4,4,2,AI/ML,1
934,2022-01-31,Intel,USA,Silicon Spin,9,2.64,20.1,2.0,544.2,2,1,Cryptography,0
740,2021-05-31,Origin Quantum,China,Superconducting,48,2.439,26.0,7.0,249.0,3,0,AI/ML,0
524,2022-02-28,Quantinuum,UK,Trapped Ion,22,1.291,27.8,9.0,819.8,5,0,Logistics,0
446,2021-10-31,D-Wave,Canada,Quantum Annealing,16632,3.413,65.2,231.0,542.1,6,1,General Research,0
664,2022-01-31,Xanadu,Canada,Photonic,26,3.515,18.4,4.0,339.2,4,3,General Research,1
1,2017-01-31,IBM,USA,Superconducting,21,3.674,8.3,6.0,452.3,1,0,Logistics,0
780,2025-02-28,Origin Quantum,China,Superconducting,408,0.924,57.1,35.0,415.6,3,1,General Research,1
967,2024-12-31,Intel,USA,Silicon Spin,38,1.699,44.4,5.0,804.4,6,3,Materials Science,1
627,2025-02-28,PsiQuantum,USA,Photonic,105,2.424,30.3,7.0,1360.3,2,2,AI/ML,0
458,2022-09-30,D-Wave,Canada,Quantum Annealing,24104,2.791,67.9,484.0,564.8,5,3,Drug Discovery,1
489,2024-10-31,D-Wave,Canada,QUANTUM ANNEALING,54247,2.59,109.9,959.0,852.3,7,2,General Research,1
89,2024-08-31,IBM,USA,Superconducting,2490,0.492,117.9,1169.0,1170.6,8,3,General Research,1
484,2024-06-30,D-Wave,Canada,Quantum Annealing,55501,2.828,87.3,780.0,611.6,7,1,Materials Science,1
461,2022-10-31,D-Wave,Canada,Quantum Annealing,24571,2.713,86.2,524.0,646.1,5,1,Logistics,0
78,2023-09-30,IBM,USA,Superconducting,1151,0.693,115.5,509.0,982.8,14,0,Drug Discovery,1
269,2024-03-31,IonQ,USA,Trapped Ion,100,0.455,69.3,34.0,496.1,4,4,AI/ML,0
124,2019-02-28,Google,USA,SUPERCONDUCTING,58,2.322,36.3,18.0,1102.0,2,0,Cryptography,1
298,2018-01-31,Rigetti,USA,Superconducting,12,3.656,5.9,3.0,180.8,2,0,General Research,0
882,2023-12-31,QuEra,usa  ,Neutral Atom,66,1.958,31.6,8.0,289.5,5,1,Materials Science,0
96,2025-06-30,IBM,USA,Superconducting,4708,0.472,116.3,2111.0,1207.0,9,1,Logistics,1
734,2020-09-30,Origin Quantum,China,Superconducting,26,2.308,13.9,5.0,247.0,5,1,Logistics,0
12,2018-07-31,IBM,USA,Superconducting,46,2.491,32.8,15.0,592.6,4,1,Logistics,1
115,2018-03-31,Google,USA,Superconducting,25,3.271,17.2,7.0,1021.2,4,0,Materials Science,0
844,2025-08-31,Pasqal,france  ,Neutral Atom,337,1.166,42.1,20.0,300.6,5,2,AI/ML,0
429,2020-06-30,D-Wave,Canada,Quantum Annealing,7319,3.846,37.8,105.0,474.5,6,0,Finance,1
258,2023-01-31,IonQ,USA,Trapped Ion,65,0.665,56.7,23.0,452.6,1,2,General Research,1
732,2020-07-31,Origin Quantum,China,Superconducting,28,2.809,13.1,,182.1,0,0,Drug Discovery,0
765,2023-10-31,Origin Quantum,China,Superconducting,213,1.157,40.6,22.0,302.7,1,0,AI/ML,1
353,2023-01-31,Rigetti,USA,Superconducting,312,0.885,66.6,39.0,325.9,4,2,Cryptography,0
970,2025-04-30,Intel,USA,Silicon Spin,46,1.613,41.2,5.0,818.7,3,3,Drug Discovery,0
774,2024-05-31,Origin Quantum,China,Superconducting,319,0.923,42.4,,290.5,4,3,General Research,0
691,2024-02-29,Xanadu,Canada,Photonic,128,2.367,42.6,9.0,420.6,1,1,AI/ML,0
923,2021-01-31,Intel,USA,Silicon Spin,6,3.468,11.2,2.0,407.7,1,0,Logistics,0
791,2025-10-31,Origin Quantum,China,Superconducting,614,0.723,68.7,48.0,354.8,5,3,Drug Discovery,0
532,2022-09-30,Quantinuum,UK,Trapped Ion,27,0.966,33.4,11.0,796.7,2,0,Cryptography,1
868,2022-08-31,QuEra,USA,Neutral Atom,26,2.288,16.1,5.0,240.0,1,1,Finance,0
170,2023-06-30,Google,USA,Superconducting,865,0.721,68.5,342.0,1846.4,7,4,Materials Science,1
240,2021-07-31,IonQ,USA,Trapped Ion,28,1.035,37.4,11.0,426.2,4,2,AI/ML,1
278,2025-01-31,IonQ,USA,Trapped Ion,160,0.334,66.5,51.0,532.9,4,3,General Research,1
161,2022-09-30,Google,USA,Superconducting,584,1.052,81.8,200.0,1842.6,4,8,,1
74,2023-06-30,IBM,USA,Superconducting,977,0.742,109.8,426.0,1239.2,10,1,General Research,1
530,2022-08-31,Quantinuum,UK,TRAPPED ION,23,1.09,30.2,10.0,954.3,0,1,Logistics,0
63,2022-03-31,IBM,USA,Superconducting,515,0.896,62.2,222.0,1067.2,4,3,Materials Science,1
762,2023-07-31,Origin Quantum,China,SUPERCONDUCTING,158,,36.4,18.0,321.9,2,1,Finance,0
493,2025-02-28,D-Wave,Canada,Quantum Annealing,58905,2.551,97.6,1048.0,665.5,6,1,Logistics,0
741,2021-07-31,Origin Quantum,China,Superconducting,47,1.949,22.4,7.0,290.3,3,2,Logistics,1
751,2022-04-30,Origin Quantum,China,Superconducting,85,1.736,29.6,11.0,320.8,3,0,Drug Discovery,1
742,2021-08-31,Origin Quantum,China,Superconducting,56,2.109,22.7,8.0,236.0,3,0,AI/ML,0
831,2024-01-31,Pasqal,France,Neutral Atom,92,1.637,33.3,9.0,229.1,1,1,Finance,0
796,2026-03-31,Origin Quantum,China,Superconducting,967,0.737,56.1,63.0,344.8,2,3,Finance,1
48,2021-03-31,IBM,USA,Superconducting,241,1.326,67.0,92.0,846.3,5,1,AI/ML,1
763,2023-08-31,Origin Quantum,China,Superconducting,198,1.181,41.0,21.0,372.8,3,0,Drug Discovery,0
592,2022-08-31,PsiQuantum,usa  ,Photonic,16,3.831,19.8,3.0,1012.8,2,3,Drug Discovery,1
808,2022-01-31,Pasqal,France,Neutral Atom,28,2.608,16.6,4.0,166.2,2,0,Materials Science,0
976,2025-10-31,Intel,USA,Silicon Spin,74,1.492,,6.0,785.3,4,1,Drug Discovery,1
506,2026-04-30, D-Wave,Canada,Quantum Annealing,93685,2.201,91.4,1976.0,708.6,6,3,AI/ML,0
21,2019-05-31,IBM,USA,Superconducting,89,2.022,48.8,30.0,,3,0,General Research,0
425,2020-04-30,D-Wave,Canada,QUANTUM ANNEALING,6834,3.652,43.1,117.0,556.3,5,0,Cryptography,0
653,2021-05-31,Xanadu,Canada,Photonic,16,3.654,15.5,3.0,268.2,0,1,AI/ML,0
193,2025-04-30,Google,USA,Superconducting,3055,0.548,122.1,,2108.1,6,4,Logistics,1
643,2020-03-31,Xanadu,Canada,Photonic,6,4.797,6.9,2.0,244.8,1,1,AI/ML,0
216,2019-05-31,IonQ,USA,Trapped Ion,10,1.786,12.2,5.0,288.1,2,2,General Research,0
245,2021-10-31,IonQ,USA,Trapped Ion,30,0.916,29.7,12.0,370.7,5,0,Cryptography,0
364,2023-11-30,Rigetti,USA,Superconducting,517,0.791,64.1,56.0,470.3,6,2,General Research,1
60,2022-01-31,IBM,USA,Superconducting,531,1.029,,210.0,1123.1,5,4,Cryptography,1
222,2020-01-31,IonQ,USA,Trapped Ion,13,1.404,16.4,6.0,260.4,1,0,Drug Discovery,1
177,2024-02-29,Google,USA,Superconducting,1055,0.692,,414.0,1875.9,5,1,Finance,1
450,2022-01-31,D-Wave,Canada,Quantum Annealing,18328,2.74,76.2,427.0,526.4,5,3,Drug Discovery,0
56,2021-10-31,IBM,USA,Superconducting,444,0.942,83.3,190.0,997.1,5,4,Logistics,0
804,2021-08-31,Pasqal,France,Neutral Atom,20,2.823,9.8,3.0,161.9,3,1,AI/ML,0
255,2022-07-31,IonQ,USA,Trapped Ion,45,0.76,47.4,17.0,383.6,5,2,AI/ML,1
920,2020-10-31,Intel,usa  ,Silicon Spin,4,4.076,8.8,2.0,495.2,1,1,Drug Discovery,0
386,2026-01-31,Rigetti,USA,Superconducting,2559,0.556,93.2,179.0,542.5,3,3,Finance,1
949,2023-04-30,Intel,USA,SILICON SPIN,18,1.993,21.7,3.0,706.5,1,0,Drug Discovery,0
198,2025-09-30,Google,USA,Superconducting,3060,0.484,126.8,1216.0,1889.6,1,5,Cryptography,1
69,2022-10-31,IBM,USA,Superconducting,840,0.725,76.6,377.0,1196.6,2,0,Materials Science,1
723,2019-09-30,Origin Quantum,China,SUPERCONDUCTING,14,3.073,6.4,3.0,202.7,1,1,Finance,0
745,2021-10-31,Origin Quantum,China,Superconducting,50,1.924,32.0,8.0,252.9,4,1,Drug Discovery,1
714,2026-02-28,Xanadu,Canada,Photonic,632,1.584,64.8,26.0,496.9,1,2,Logistics,1
169,2023-06-30,Google,USA,Superconducting,699,0.742,87.8,281.0,1575.7,9,5,AI/ML,1
186,2024-10-31,Google,USA,Superconducting,2110,0.644,86.2,781.0,1610.6,5,5,Finance,1
36,2020-04-30,IBM,USA,Superconducting,178,1.531,58.1,65.0,935.7,4,2,Drug Discovery,1
642,2020-02-29,Xanadu,Canada,Photonic,4,5.436,6.1,2.0,,1,1,Materials Science,0
